altitude,azimuth,efficiency
6.00,70.00,14.34
6.00,72.00,14.39
6.00,74.00,14.43
6.00,76.00,14.48
6.00,78.00,14.52
6.00,80.00,14.61
6.00,82.00,13.25
6.00,84.00,12.32
6.00,86.00,11.85
6.00,88.00,11.95
6.00,90.00,12.06
6.00,92.00,12.17
6.00,94.00,12.28
6.00,96.00,12.39
6.00,98.00,12.50
6.00,100.00,13.93
6.00,102.00,14.10
6.00,104.00,13.31
6.00,106.00,10.87
6.00,108.00,10.29
6.00,110.00,11.92
6.00,112.00,13.23
6.00,114.00,12.88
6.00,116.00,10.51
6.00,118.00,8.45
6.00,120.00,7.09
6.00,122.00,7.12
6.00,124.00,8.52
6.00,126.00,10.19
6.00,128.00,9.20
6.00,130.00,7.16
6.00,132.00,5.14
6.00,134.00,5.15
6.00,136.00,5.16
6.00,138.00,5.17
6.00,140.00,5.18
6.00,142.00,5.19
6.00,144.00,5.19
6.00,146.00,5.20
6.00,148.00,5.21
6.00,150.00,5.22
6.00,152.00,5.23
6.00,154.00,5.24
6.00,156.00,5.25
6.00,158.00,5.26
6.00,160.00,5.27
6.00,162.00,5.27
6.00,164.00,5.28
6.00,166.00,5.29
6.00,168.00,5.30
6.00,178.00,5.32
6.00,180.00,5.34
6.00,182.00,5.36
6.00,184.00,5.37
6.00,186.00,5.38
6.00,188.00,5.39
6.00,190.00,5.40
6.00,192.00,5.41
6.00,196.00,5.42
6.00,198.00,5.43
6.00,200.00,5.44
6.00,202.00,5.45
6.00,204.00,5.46
6.00,206.00,5.47
6.00,208.00,5.48
6.00,210.00,5.49
6.00,212.00,5.50
6.00,214.00,5.50
6.00,216.00,5.51
6.00,218.00,5.52
6.00,220.00,5.53
6.00,222.00,5.54
6.00,224.00,5.55
6.00,226.00,5.56
6.00,228.00,5.57
6.00,230.00,5.57
6.00,232.00,5.58
6.00,234.00,5.59
6.00,236.00,4.15
6.00,238.00,2.50
6.00,240.00,1.07
6.00,242.00,1.93
6.00,244.00,3.17
6.00,246.00,3.22
6.00,248.00,2.36
6.00,250.00,1.26
6.00,252.00,1.76
6.00,254.00,2.40
6.00,256.00,3.67
6.00,258.00,4.62
6.00,260.00,4.56
6.00,262.00,3.44
6.00,264.00,1.94
6.00,266.00,1.32
6.00,268.00,1.12
6.00,270.00,0.98
6.00,272.00,0.82
6.00,274.00,0.66
6.00,276.00,0.50
6.00,278.00,0.34
6.00,280.00,0.19
6.00,282.00,0.03
6.00,284.00,0.44
6.00,286.00,0.97
6.00,288.00,2.37
6.00,290.00,3.55
8.00,70.00,20.29
8.00,72.00,19.63
8.00,74.00,18.96
8.00,76.00,18.30
8.00,78.00,17.75
8.00,80.00,17.32
8.00,82.00,15.98
8.00,84.00,15.07
8.00,86.00,14.61
8.00,88.00,14.74
8.00,90.00,14.87
8.00,92.00,15.00
8.00,94.00,15.13
8.00,96.00,15.25
8.00,98.00,15.38
8.00,100.00,16.17
8.00,102.00,16.03
8.00,104.00,15.27
8.00,106.00,13.83
8.00,108.00,13.78
8.00,110.00,15.15
8.00,112.00,16.17
8.00,114.00,15.96
8.00,116.00,14.49
8.00,118.00,13.33
8.00,120.00,12.87
8.00,122.00,13.33
8.00,124.00,14.47
8.00,126.00,15.75
8.00,128.00,15.54
8.00,130.00,14.67
8.00,132.00,13.66
8.00,134.00,13.66
8.00,136.00,13.66
8.00,138.00,13.66
8.00,140.00,13.67
8.00,142.00,13.67
8.00,144.00,13.67
8.00,146.00,13.67
8.00,148.00,13.68
8.00,150.00,13.68
8.00,152.00,13.68
8.00,154.00,13.68
8.00,156.00,13.68
8.00,158.00,13.69
8.00,160.00,13.69
8.00,162.00,13.69
8.00,164.00,13.69
8.00,166.00,13.70
8.00,168.00,13.70
8.00,178.00,13.70
8.00,180.00,13.71
8.00,182.00,13.71
8.00,184.00,13.72
8.00,186.00,13.72
8.00,188.00,13.72
8.00,190.00,13.72
8.00,192.00,13.73
8.00,196.00,13.73
8.00,198.00,13.73
8.00,200.00,13.73
8.00,202.00,13.74
8.00,204.00,13.74
8.00,206.00,13.74
8.00,208.00,13.74
8.00,210.00,13.75
8.00,212.00,13.75
8.00,214.00,13.75
8.00,216.00,13.75
8.00,218.00,13.76
8.00,220.00,13.76
8.00,222.00,13.76
8.00,224.00,13.76
8.00,226.00,13.76
8.00,228.00,13.77
8.00,230.00,13.77
8.00,232.00,13.77
8.00,234.00,13.77
8.00,236.00,12.87
8.00,238.00,11.50
8.00,240.00,10.10
8.00,242.00,10.21
8.00,244.00,10.70
8.00,246.00,10.58
8.00,248.00,9.66
8.00,250.00,8.62
8.00,252.00,8.71
8.00,254.00,8.95
8.00,256.00,9.83
8.00,258.00,10.37
8.00,260.00,10.44
8.00,262.00,9.74
8.00,264.00,8.78
8.00,266.00,8.30
8.00,268.00,8.07
8.00,270.00,7.89
8.00,272.00,7.71
8.00,274.00,7.53
8.00,276.00,7.34
8.00,278.00,7.16
8.00,280.00,6.98
8.00,282.00,6.80
8.00,284.00,7.19
8.00,286.00,7.69
8.00,288.00,9.06
8.00,290.00,10.37
10.00,70.00,26.24
10.00,72.00,24.86
10.00,74.00,23.49
10.00,76.00,22.12
10.00,78.00,20.97
10.00,80.00,20.03
10.00,82.00,18.71
10.00,84.00,17.82
10.00,86.00,17.38
10.00,88.00,17.53
10.00,90.00,17.67
10.00,92.00,17.82
10.00,94.00,17.97
10.00,96.00,18.12
10.00,98.00,18.26
10.00,100.00,18.41
10.00,102.00,17.96
10.00,104.00,17.22
10.00,106.00,16.79
10.00,108.00,17.28
10.00,110.00,18.39
10.00,112.00,19.10
10.00,114.00,19.05
10.00,116.00,18.47
10.00,118.00,18.21
10.00,120.00,18.65
10.00,122.00,19.53
10.00,124.00,20.42
10.00,126.00,21.30
10.00,128.00,21.89
10.00,130.00,22.18
10.00,132.00,22.17
10.00,134.00,22.17
10.00,136.00,22.16
10.00,138.00,22.16
10.00,140.00,22.16
10.00,142.00,22.15
10.00,144.00,22.15
10.00,146.00,22.14
10.00,148.00,22.14
10.00,150.00,22.13
10.00,152.00,22.13
10.00,154.00,22.13
10.00,156.00,22.12
10.00,158.00,22.12
10.00,160.00,22.11
10.00,162.00,22.11
10.00,164.00,22.10
10.00,166.00,22.10
10.00,168.00,22.10
10.00,178.00,22.09
10.00,180.00,22.08
10.00,182.00,22.07
10.00,184.00,22.06
10.00,186.00,22.06
10.00,188.00,22.05
10.00,190.00,22.05
10.00,192.00,22.04
10.00,196.00,22.04
10.00,198.00,22.03
10.00,200.00,22.03
10.00,202.00,22.02
10.00,204.00,22.02
10.00,206.00,22.02
10.00,208.00,22.01
10.00,210.00,22.01
10.00,212.00,22.00
10.00,214.00,22.00
10.00,216.00,21.99
10.00,218.00,21.99
10.00,220.00,21.99
10.00,222.00,21.98
10.00,224.00,21.98
10.00,226.00,21.97
10.00,228.00,21.97
10.00,230.00,21.96
10.00,232.00,21.96
10.00,234.00,21.96
10.00,236.00,21.58
10.00,238.00,20.50
10.00,240.00,19.13
10.00,242.00,18.49
10.00,244.00,18.23
10.00,246.00,17.93
10.00,248.00,16.95
10.00,250.00,15.97
10.00,252.00,15.67
10.00,254.00,15.50
10.00,256.00,15.98
10.00,258.00,16.13
10.00,260.00,16.32
10.00,262.00,16.05
10.00,264.00,15.63
10.00,266.00,15.28
10.00,268.00,15.01
10.00,270.00,14.81
10.00,272.00,14.60
10.00,274.00,14.39
10.00,276.00,14.19
10.00,278.00,13.98
10.00,280.00,13.77
10.00,282.00,13.57
10.00,284.00,13.93
10.00,286.00,14.42
10.00,288.00,15.76
10.00,290.00,17.18
12.00,70.00,32.19
12.00,72.00,30.10
12.00,74.00,28.02
12.00,76.00,25.93
12.00,78.00,24.19
12.00,80.00,22.74
12.00,82.00,21.44
12.00,84.00,20.57
12.00,86.00,20.15
12.00,88.00,20.31
12.00,90.00,20.48
12.00,92.00,20.65
12.00,94.00,20.81
12.00,96.00,20.98
12.00,98.00,21.14
12.00,100.00,20.65
12.00,102.00,19.90
12.00,104.00,19.17
12.00,106.00,19.76
12.00,108.00,20.77
12.00,110.00,21.62
12.00,112.00,22.04
12.00,114.00,22.13
12.00,116.00,22.45
12.00,118.00,23.10
12.00,120.00,24.43
12.00,122.00,25.74
12.00,124.00,26.37
12.00,126.00,26.85
12.00,128.00,28.23
12.00,130.00,29.68
12.00,132.00,30.69
12.00,134.00,30.68
12.00,136.00,30.67
12.00,138.00,30.65
12.00,140.00,30.64
12.00,142.00,30.63
12.00,144.00,30.62
12.00,146.00,30.61
12.00,148.00,30.60
12.00,150.00,30.59
12.00,152.00,30.58
12.00,154.00,30.57
12.00,156.00,30.56
12.00,158.00,30.55
12.00,160.00,30.54
12.00,162.00,30.53
12.00,164.00,30.51
12.00,166.00,30.50
12.00,168.00,30.49
12.00,178.00,30.47
12.00,180.00,30.44
12.00,182.00,30.42
12.00,184.00,30.41
12.00,186.00,30.40
12.00,188.00,30.39
12.00,190.00,30.37
12.00,192.00,30.36
12.00,196.00,30.35
12.00,198.00,30.33
12.00,200.00,30.32
12.00,202.00,30.31
12.00,204.00,30.30
12.00,206.00,30.29
12.00,208.00,30.28
12.00,210.00,30.27
12.00,212.00,30.26
12.00,214.00,30.24
12.00,216.00,30.23
12.00,218.00,30.22
12.00,220.00,30.21
12.00,222.00,30.20
12.00,224.00,30.19
12.00,226.00,30.18
12.00,228.00,30.17
12.00,230.00,30.16
12.00,232.00,30.15
12.00,234.00,30.14
12.00,236.00,30.29
12.00,238.00,29.49
12.00,240.00,28.17
12.00,242.00,26.77
12.00,244.00,25.76
12.00,246.00,25.28
12.00,248.00,24.25
12.00,250.00,23.33
12.00,252.00,22.62
12.00,254.00,22.06
12.00,256.00,22.13
12.00,258.00,21.88
12.00,260.00,22.20
12.00,262.00,22.35
12.00,264.00,22.47
12.00,266.00,22.26
12.00,268.00,21.96
12.00,270.00,21.72
12.00,272.00,21.49
12.00,274.00,21.26
12.00,276.00,21.03
12.00,278.00,20.80
12.00,280.00,20.57
12.00,282.00,20.34
12.00,284.00,20.68
12.00,286.00,21.14
12.00,288.00,22.46
12.00,290.00,24.00
14.00,70.00,36.55
14.00,72.00,35.34
14.00,74.00,34.13
14.00,76.00,32.93
14.00,78.00,32.07
14.00,80.00,30.91
14.00,82.00,30.15
14.00,84.00,29.50
14.00,86.00,29.59
14.00,88.00,29.68
14.00,90.00,29.77
14.00,92.00,29.86
14.00,94.00,29.95
14.00,96.00,30.04
14.00,98.00,29.21
14.00,100.00,28.24
14.00,102.00,27.50
14.00,104.00,27.91
14.00,106.00,28.61
14.00,108.00,29.37
14.00,110.00,29.88
14.00,112.00,30.59
14.00,114.00,30.98
14.00,116.00,32.17
14.00,118.00,33.81
14.00,120.00,35.45
14.00,122.00,36.65
14.00,124.00,37.21
14.00,126.00,38.49
14.00,128.00,40.67
14.00,130.00,42.64
14.00,132.00,43.87
14.00,134.00,43.79
14.00,136.00,43.72
14.00,138.00,43.64
14.00,140.00,43.57
14.00,142.00,43.50
14.00,144.00,43.42
14.00,146.00,43.35
14.00,148.00,43.28
14.00,150.00,43.20
14.00,152.00,43.13
14.00,154.00,43.06
14.00,156.00,42.98
14.00,158.00,42.91
14.00,160.00,42.83
14.00,162.00,42.76
14.00,164.00,42.69
14.00,166.00,42.61
14.00,168.00,42.54
14.00,178.00,42.37
14.00,180.00,42.20
14.00,182.00,42.03
14.00,184.00,41.95
14.00,186.00,41.88
14.00,188.00,41.80
14.00,190.00,41.73
14.00,192.00,41.66
14.00,196.00,41.56
14.00,198.00,41.46
14.00,200.00,41.36
14.00,202.00,41.29
14.00,204.00,41.22
14.00,206.00,41.14
14.00,208.00,41.07
14.00,210.00,40.99
14.00,212.00,40.92
14.00,214.00,40.85
14.00,216.00,40.77
14.00,218.00,40.70
14.00,220.00,40.63
14.00,222.00,40.55
14.00,224.00,40.48
14.00,226.00,40.41
14.00,228.00,40.33
14.00,230.00,40.26
14.00,232.00,40.19
14.00,234.00,40.11
14.00,236.00,40.20
14.00,238.00,39.43
14.00,240.00,37.80
14.00,242.00,36.05
14.00,244.00,34.54
14.00,246.00,33.86
14.00,248.00,33.26
14.00,250.00,32.87
14.00,252.00,32.11
14.00,254.00,30.79
14.00,256.00,29.98
14.00,258.00,29.37
14.00,260.00,29.33
14.00,262.00,29.12
14.00,264.00,29.50
14.00,266.00,30.08
14.00,268.00,30.63
14.00,270.00,30.94
14.00,272.00,30.78
14.00,274.00,30.49
14.00,276.00,30.03
14.00,278.00,29.64
14.00,280.00,29.34
14.00,282.00,29.07
14.00,284.00,28.74
14.00,286.00,29.14
14.00,288.00,29.75
14.00,290.00,30.56
16.00,70.00,39.94
16.00,72.00,39.65
16.00,74.00,39.35
16.00,76.00,39.06
16.00,78.00,38.89
16.00,80.00,38.81
16.00,82.00,39.06
16.00,84.00,39.26
16.00,86.00,39.28
16.00,88.00,39.35
16.00,90.00,39.48
16.00,92.00,39.91
16.00,94.00,40.25
16.00,96.00,40.50
16.00,98.00,39.34
16.00,100.00,37.74
16.00,102.00,36.53
16.00,104.00,36.65
16.00,106.00,37.45
16.00,108.00,38.08
16.00,110.00,38.47
16.00,112.00,39.46
16.00,114.00,40.89
16.00,116.00,43.07
16.00,118.00,44.55
16.00,120.00,45.26
16.00,122.00,45.57
16.00,124.00,45.97
16.00,126.00,47.09
16.00,128.00,48.78
16.00,130.00,50.32
16.00,132.00,51.17
16.00,134.00,51.09
16.00,136.00,51.00
16.00,138.00,50.92
16.00,140.00,50.83
16.00,142.00,50.75
16.00,144.00,50.66
16.00,146.00,50.58
16.00,148.00,50.49
16.00,150.00,50.41
16.00,152.00,50.32
16.00,154.00,50.24
16.00,156.00,50.15
16.00,158.00,50.07
16.00,160.00,49.99
16.00,162.00,49.90
16.00,164.00,49.82
16.00,166.00,49.73
16.00,168.00,49.65
16.00,178.00,49.45
16.00,180.00,49.25
16.00,182.00,49.05
16.00,184.00,48.97
16.00,186.00,48.88
16.00,188.00,48.80
16.00,190.00,48.71
16.00,192.00,48.63
16.00,196.00,48.52
16.00,198.00,48.40
16.00,200.00,48.29
16.00,202.00,48.21
16.00,204.00,48.12
16.00,206.00,48.04
16.00,208.00,47.95
16.00,210.00,47.87
16.00,212.00,47.78
16.00,214.00,47.70
16.00,216.00,47.61
16.00,218.00,47.53
16.00,220.00,47.44
16.00,222.00,47.36
16.00,224.00,47.27
16.00,226.00,47.19
16.00,228.00,47.10
16.00,230.00,47.02
16.00,232.00,46.93
16.00,234.00,46.85
16.00,236.00,47.30
16.00,238.00,47.82
16.00,240.00,47.68
16.00,242.00,46.33
16.00,244.00,44.26
16.00,246.00,42.76
16.00,248.00,42.03
16.00,250.00,42.12
16.00,252.00,41.94
16.00,254.00,41.29
16.00,256.00,40.10
16.00,258.00,38.91
16.00,260.00,38.25
16.00,262.00,37.88
16.00,264.00,38.26
16.00,266.00,38.79
16.00,268.00,39.23
16.00,270.00,40.08
16.00,272.00,40.63
16.00,274.00,40.76
16.00,276.00,40.05
16.00,278.00,39.36
16.00,280.00,38.94
16.00,282.00,38.60
16.00,284.00,38.07
16.00,286.00,37.72
16.00,288.00,37.17
16.00,290.00,36.76
18.00,70.00,39.53
18.00,72.00,40.85
18.00,74.00,42.17
18.00,76.00,43.49
18.00,78.00,44.82
18.00,80.00,46.16
18.00,82.00,46.89
18.00,84.00,47.46
18.00,86.00,47.52
18.00,88.00,47.71
18.00,90.00,48.09
18.00,92.00,48.64
18.00,94.00,48.92
18.00,96.00,48.55
18.00,98.00,47.07
18.00,100.00,46.13
18.00,102.00,45.63
18.00,104.00,46.13
18.00,106.00,46.32
18.00,108.00,46.82
18.00,110.00,47.87
18.00,112.00,49.56
18.00,114.00,50.96
18.00,116.00,52.36
18.00,118.00,53.05
18.00,120.00,53.23
18.00,122.00,53.49
18.00,124.00,54.53
18.00,126.00,56.00
18.00,128.00,56.76
18.00,130.00,56.88
18.00,132.00,56.80
18.00,134.00,56.80
18.00,136.00,56.81
18.00,138.00,56.81
18.00,140.00,56.81
18.00,142.00,56.81
18.00,144.00,56.81
18.00,146.00,56.81
18.00,148.00,56.81
18.00,150.00,56.81
18.00,152.00,56.82
18.00,154.00,56.82
18.00,156.00,56.82
18.00,158.00,56.82
18.00,160.00,56.82
18.00,162.00,56.82
18.00,164.00,56.82
18.00,166.00,56.82
18.00,168.00,56.83
18.00,178.00,56.83
18.00,180.00,56.83
18.00,182.00,56.83
18.00,184.00,56.84
18.00,186.00,56.84
18.00,188.00,56.84
18.00,190.00,56.84
18.00,192.00,56.84
18.00,196.00,56.84
18.00,198.00,56.84
18.00,200.00,56.84
18.00,202.00,56.85
18.00,204.00,56.85
18.00,206.00,56.85
18.00,208.00,56.85
18.00,210.00,56.85
18.00,212.00,56.85
18.00,214.00,56.85
18.00,216.00,56.85
18.00,218.00,56.86
18.00,220.00,56.86
18.00,222.00,56.86
18.00,224.00,56.86
18.00,226.00,56.91
18.00,228.00,57.02
18.00,230.00,57.13
18.00,232.00,56.89
18.00,234.00,56.29
18.00,236.00,55.39
18.00,238.00,54.79
18.00,240.00,54.60
18.00,242.00,54.35
18.00,244.00,53.46
18.00,246.00,51.83
18.00,248.00,50.59
18.00,250.00,50.05
18.00,252.00,50.27
18.00,254.00,50.20
18.00,256.00,49.78
18.00,258.00,48.96
18.00,260.00,48.14
18.00,262.00,47.33
18.00,264.00,47.13
18.00,266.00,47.49
18.00,268.00,47.93
18.00,270.00,48.78
18.00,272.00,49.33
18.00,274.00,49.63
18.00,276.00,49.09
18.00,278.00,48.63
18.00,280.00,47.99
18.00,282.00,47.51
18.00,284.00,46.66
18.00,286.00,46.15
18.00,288.00,45.25
18.00,290.00,44.35
20.00,70.00,39.66
20.00,72.00,42.25
20.00,74.00,44.83
20.00,76.00,47.42
20.00,78.00,50.01
20.00,80.00,52.59
20.00,82.00,53.98
20.00,84.00,55.03
20.00,86.00,55.07
20.00,88.00,55.36
20.00,90.00,55.38
20.00,92.00,55.69
20.00,94.00,55.80
20.00,96.00,55.49
20.00,98.00,54.97
20.00,100.00,54.50
20.00,102.00,53.95
20.00,104.00,53.82
20.00,106.00,54.27
20.00,108.00,55.31
20.00,110.00,56.36
20.00,112.00,57.40
20.00,114.00,58.25
20.00,116.00,59.20
20.00,118.00,59.54
20.00,120.00,60.19
20.00,122.00,60.88
20.00,124.00,62.06
20.00,126.00,62.67
20.00,128.00,62.42
20.00,130.00,61.92
20.00,132.00,61.50
20.00,134.00,61.45
20.00,136.00,61.40
20.00,138.00,61.30
20.00,140.00,61.22
20.00,142.00,61.16
20.00,144.00,61.18
20.00,146.00,61.19
20.00,148.00,61.21
20.00,150.00,61.23
20.00,152.00,61.25
20.00,154.00,61.26
20.00,156.00,61.28
20.00,158.00,61.30
20.00,160.00,61.32
20.00,162.00,61.34
20.00,164.00,61.35
20.00,166.00,61.37
20.00,168.00,61.39
20.00,178.00,61.43
20.00,180.00,61.47
20.00,182.00,61.51
20.00,184.00,61.53
20.00,186.00,61.55
20.00,188.00,61.56
20.00,190.00,61.58
20.00,192.00,61.60
20.00,196.00,61.62
20.00,198.00,61.65
20.00,200.00,61.67
20.00,202.00,61.69
20.00,204.00,61.70
20.00,206.00,61.72
20.00,208.00,61.74
20.00,210.00,61.76
20.00,212.00,61.78
20.00,214.00,61.79
20.00,216.00,61.81
20.00,218.00,61.83
20.00,220.00,61.85
20.00,222.00,61.86
20.00,224.00,61.88
20.00,226.00,62.02
20.00,228.00,62.27
20.00,230.00,62.58
20.00,232.00,62.51
20.00,234.00,61.95
20.00,236.00,60.96
20.00,238.00,60.42
20.00,240.00,60.52
20.00,242.00,60.81
20.00,244.00,60.77
20.00,246.00,59.91
20.00,248.00,58.69
20.00,250.00,57.70
20.00,252.00,57.37
20.00,254.00,57.76
20.00,256.00,57.91
20.00,258.00,57.77
20.00,260.00,57.31
20.00,262.00,56.85
20.00,264.00,56.38
20.00,266.00,55.92
20.00,268.00,55.45
20.00,270.00,55.71
20.00,272.00,56.14
20.00,274.00,56.44
20.00,276.00,56.51
20.00,278.00,56.18
20.00,280.00,55.99
20.00,282.00,55.64
20.00,284.00,55.25
20.00,286.00,54.58
20.00,288.00,53.34
20.00,290.00,52.09
22.00,70.00,39.84
22.00,72.00,43.68
22.00,74.00,47.51
22.00,76.00,51.35
22.00,78.00,55.19
22.00,80.00,59.02
22.00,82.00,61.06
22.00,84.00,62.04
22.00,86.00,61.57
22.00,88.00,61.44
22.00,90.00,61.21
22.00,92.00,61.01
22.00,94.00,60.83
22.00,96.00,60.31
22.00,98.00,60.08
22.00,100.00,60.19
22.00,102.00,60.67
22.00,104.00,61.16
22.00,106.00,61.64
22.00,108.00,62.13
22.00,110.00,62.79
22.00,112.00,63.42
22.00,114.00,63.86
22.00,116.00,64.19
22.00,118.00,64.61
22.00,120.00,65.31
22.00,122.00,65.99
22.00,124.00,66.44
22.00,126.00,66.33
22.00,128.00,66.00
22.00,130.00,65.67
22.00,132.00,65.67
22.00,134.00,65.60
22.00,136.00,65.43
22.00,138.00,65.11
22.00,140.00,64.87
22.00,142.00,64.75
22.00,144.00,64.80
22.00,146.00,64.85
22.00,148.00,64.90
22.00,150.00,64.95
22.00,152.00,65.00
22.00,154.00,65.05
22.00,156.00,65.09
22.00,158.00,65.14
22.00,160.00,65.19
22.00,162.00,65.24
22.00,164.00,65.29
22.00,166.00,65.34
22.00,168.00,65.39
22.00,178.00,65.50
22.00,180.00,65.61
22.00,182.00,65.73
22.00,184.00,65.78
22.00,186.00,65.82
22.00,188.00,65.87
22.00,190.00,65.92
22.00,192.00,65.97
22.00,196.00,66.03
22.00,198.00,66.10
22.00,200.00,66.16
22.00,202.00,66.21
22.00,204.00,66.26
22.00,206.00,66.31
22.00,208.00,66.36
22.00,210.00,66.41
22.00,212.00,66.46
22.00,214.00,66.51
22.00,216.00,66.55
22.00,218.00,66.60
22.00,220.00,66.65
22.00,222.00,66.70
22.00,224.00,66.75
22.00,226.00,66.96
22.00,228.00,67.34
22.00,230.00,67.83
22.00,232.00,67.94
22.00,234.00,67.55
22.00,236.00,66.66
22.00,238.00,65.58
22.00,240.00,65.26
22.00,242.00,65.28
22.00,244.00,65.70
22.00,246.00,65.59
22.00,248.00,65.20
22.00,250.00,64.33
22.00,252.00,63.65
22.00,254.00,63.44
22.00,256.00,63.82
22.00,258.00,63.98
22.00,260.00,63.87
22.00,262.00,63.52
22.00,264.00,63.18
22.00,266.00,62.83
22.00,268.00,62.48
22.00,270.00,62.14
22.00,272.00,61.79
22.00,274.00,61.62
22.00,276.00,61.86
22.00,278.00,62.24
22.00,280.00,62.84
22.00,282.00,62.98
22.00,284.00,63.12
22.00,286.00,63.01
22.00,288.00,63.12
22.00,290.00,63.22
24.00,70.00,50.58
24.00,72.00,53.56
24.00,74.00,56.53
24.00,76.00,59.51
24.00,78.00,62.48
24.00,80.00,65.46
24.00,82.00,66.75
24.00,84.00,66.97
24.00,86.00,66.12
24.00,88.00,65.82
24.00,90.00,65.45
24.00,92.00,65.23
24.00,94.00,65.22
24.00,96.00,65.43
24.00,98.00,65.65
24.00,100.00,65.86
24.00,102.00,66.08
24.00,104.00,66.29
24.00,106.00,66.50
24.00,108.00,66.72
24.00,110.00,67.06
24.00,112.00,67.34
24.00,114.00,67.66
24.00,116.00,67.88
24.00,118.00,68.01
24.00,120.00,68.16
24.00,122.00,68.29
24.00,124.00,68.39
24.00,126.00,68.35
24.00,128.00,68.20
24.00,130.00,68.14
24.00,132.00,68.03
24.00,134.00,67.78
24.00,136.00,67.38
24.00,138.00,66.82
24.00,140.00,66.41
24.00,142.00,66.19
24.00,144.00,66.21
24.00,146.00,66.23
24.00,148.00,66.25
24.00,150.00,66.27
24.00,152.00,66.28
24.00,154.00,66.30
24.00,156.00,66.32
24.00,158.00,66.34
24.00,160.00,66.36
24.00,162.00,66.38
24.00,164.00,66.39
24.00,166.00,66.41
24.00,168.00,66.43
24.00,178.00,66.47
24.00,180.00,66.52
24.00,182.00,66.56
24.00,184.00,66.58
24.00,186.00,66.60
24.00,188.00,66.61
24.00,190.00,66.63
24.00,192.00,66.65
24.00,196.00,66.67
24.00,198.00,66.70
24.00,200.00,66.72
24.00,202.00,66.74
24.00,204.00,66.76
24.00,206.00,66.78
24.00,208.00,66.80
24.00,210.00,66.82
24.00,212.00,66.83
24.00,214.00,66.85
24.00,216.00,66.87
24.00,218.00,66.89
24.00,220.00,66.91
24.00,222.00,66.93
24.00,224.00,66.94
24.00,226.00,67.12
24.00,228.00,67.46
24.00,230.00,67.97
24.00,232.00,68.44
24.00,234.00,68.77
24.00,236.00,68.88
24.00,238.00,68.80
24.00,240.00,68.61
24.00,242.00,68.42
24.00,244.00,68.54
24.00,246.00,68.87
24.00,248.00,69.18
24.00,250.00,69.00
24.00,252.00,68.42
24.00,254.00,68.11
24.00,256.00,68.20
24.00,258.00,68.47
24.00,260.00,68.45
24.00,262.00,68.18
24.00,264.00,67.91
24.00,266.00,67.64
24.00,268.00,67.36
24.00,270.00,67.09
24.00,272.00,66.82
24.00,274.00,66.55
24.00,276.00,66.69
24.00,278.00,66.90
24.00,280.00,67.79
24.00,282.00,68.13
24.00,284.00,68.66
24.00,286.00,68.77
24.00,288.00,69.28
24.00,290.00,69.78
26.00,70.00,61.13
26.00,72.00,62.85
26.00,74.00,64.57
26.00,76.00,66.29
26.00,78.00,68.01
26.00,80.00,69.73
26.00,82.00,70.36
26.00,84.00,70.05
26.00,86.00,69.17
26.00,88.00,68.71
26.00,90.00,68.64
26.00,92.00,68.61
26.00,94.00,68.72
26.00,96.00,68.82
26.00,98.00,68.92
26.00,100.00,69.02
26.00,102.00,69.13
26.00,104.00,69.23
26.00,106.00,69.43
26.00,108.00,69.61
26.00,110.00,69.90
26.00,112.00,70.01
26.00,114.00,70.10
26.00,116.00,70.00
26.00,118.00,69.72
26.00,120.00,69.40
26.00,122.00,69.06
26.00,124.00,68.92
26.00,126.00,68.79
26.00,128.00,68.72
26.00,130.00,68.63
26.00,132.00,68.47
26.00,134.00,68.14
26.00,136.00,67.65
26.00,138.00,67.05
26.00,140.00,66.63
26.00,142.00,66.41
26.00,144.00,66.40
26.00,146.00,66.38
26.00,148.00,66.37
26.00,150.00,66.35
26.00,152.00,66.34
26.00,154.00,66.33
26.00,156.00,66.31
26.00,158.00,66.30
26.00,160.00,66.28
26.00,162.00,66.27
26.00,164.00,66.25
26.00,166.00,66.24
26.00,168.00,66.23
26.00,178.00,66.19
26.00,180.00,66.16
26.00,182.00,66.12
26.00,184.00,66.11
26.00,186.00,66.10
26.00,188.00,66.08
26.00,190.00,66.07
26.00,192.00,66.05
26.00,196.00,66.03
26.00,198.00,66.01
26.00,200.00,65.99
26.00,202.00,65.98
26.00,204.00,65.97
26.00,206.00,65.95
26.00,208.00,65.94
26.00,210.00,65.92
26.00,212.00,65.91
26.00,214.00,65.98
26.00,216.00,66.11
26.00,218.00,66.33
26.00,220.00,66.54
26.00,222.00,66.75
26.00,224.00,66.96
26.00,226.00,67.27
26.00,228.00,67.65
26.00,230.00,68.10
26.00,232.00,68.53
26.00,234.00,68.98
26.00,236.00,69.34
26.00,238.00,69.58
26.00,240.00,69.70
26.00,242.00,69.79
26.00,244.00,69.88
26.00,246.00,70.27
26.00,248.00,70.72
26.00,250.00,71.08
26.00,252.00,71.04
26.00,254.00,70.81
26.00,256.00,70.86
26.00,258.00,70.95
26.00,260.00,71.06
26.00,262.00,70.93
26.00,264.00,70.78
26.00,266.00,70.64
26.00,268.00,70.49
26.00,270.00,70.35
26.00,272.00,70.20
26.00,274.00,70.05
26.00,276.00,69.89
26.00,278.00,70.21
26.00,280.00,70.79
26.00,282.00,71.11
26.00,284.00,71.35
26.00,286.00,71.73
26.00,288.00,72.76
26.00,290.00,73.80
28.00,70.00,71.88
28.00,72.00,71.89
28.00,74.00,71.90
28.00,76.00,71.90
28.00,78.00,71.91
28.00,80.00,71.91
28.00,82.00,71.62
28.00,84.00,71.19
28.00,86.00,70.76
28.00,88.00,70.64
28.00,90.00,70.69
28.00,92.00,70.73
28.00,94.00,70.77
28.00,96.00,70.82
28.00,98.00,70.86
28.00,100.00,70.91
28.00,102.00,71.01
28.00,104.00,71.09
28.00,106.00,71.27
28.00,108.00,71.39
28.00,110.00,71.46
28.00,112.00,71.30
28.00,114.00,71.11
28.00,116.00,70.94
28.00,118.00,70.59
28.00,120.00,70.22
28.00,122.00,69.84
28.00,124.00,69.64
28.00,126.00,69.47
28.00,128.00,69.29
28.00,130.00,69.08
28.00,132.00,68.75
28.00,134.00,68.32
28.00,136.00,67.83
28.00,138.00,67.32
28.00,140.00,66.92
28.00,142.00,66.61
28.00,144.00,66.41
28.00,146.00,66.20
28.00,148.00,66.00
28.00,150.00,65.75
28.00,152.00,65.50
28.00,154.00,65.31
28.00,156.00,65.22
28.00,158.00,65.21
28.00,160.00,65.20
28.00,162.00,65.19
28.00,164.00,65.18
28.00,166.00,65.17
28.00,168.00,65.16
28.00,178.00,65.13
28.00,180.00,65.11
28.00,182.00,65.08
28.00,184.00,65.07
28.00,186.00,65.06
28.00,188.00,65.05
28.00,190.00,65.04
28.00,192.00,65.03
28.00,196.00,65.01
28.00,198.00,65.00
28.00,200.00,64.99
28.00,202.00,64.98
28.00,204.00,64.96
28.00,206.00,64.95
28.00,208.00,64.94
28.00,210.00,64.93
28.00,212.00,64.92
28.00,214.00,65.07
28.00,216.00,65.36
28.00,218.00,65.81
28.00,220.00,66.23
28.00,222.00,66.63
28.00,224.00,67.00
28.00,226.00,67.42
28.00,228.00,67.85
28.00,230.00,68.28
28.00,232.00,68.67
28.00,234.00,69.07
28.00,236.00,69.47
28.00,238.00,69.82
28.00,240.00,70.12
28.00,242.00,70.36
28.00,244.00,70.58
28.00,246.00,70.80
28.00,248.00,71.01
28.00,250.00,71.22
28.00,252.00,71.41
28.00,254.00,71.58
28.00,256.00,71.72
28.00,258.00,71.82
28.00,260.00,71.88
28.00,262.00,71.90
28.00,264.00,71.92
28.00,266.00,71.93
28.00,268.00,71.94
28.00,270.00,71.94
28.00,272.00,71.94
28.00,274.00,71.94
28.00,276.00,71.93
28.00,278.00,71.92
28.00,280.00,71.91
28.00,282.00,71.90
28.00,284.00,71.89
28.00,286.00,71.87
28.00,288.00,71.85
28.00,290.00,71.82
30.00,70.00,71.97
30.00,72.00,71.97
30.00,74.00,71.96
30.00,76.00,71.95
30.00,78.00,71.95
30.00,80.00,71.94
30.00,82.00,71.92
30.00,84.00,71.88
30.00,86.00,71.82
30.00,88.00,71.77
30.00,90.00,71.72
30.00,92.00,71.67
30.00,94.00,71.62
30.00,96.00,71.57
30.00,98.00,71.52
30.00,100.00,71.50
30.00,102.00,71.53
30.00,104.00,71.53
30.00,106.00,71.62
30.00,108.00,71.62
30.00,110.00,71.59
30.00,112.00,71.36
30.00,114.00,71.15
30.00,116.00,70.94
30.00,118.00,70.75
30.00,120.00,70.53
30.00,122.00,70.29
30.00,124.00,70.06
30.00,126.00,69.83
30.00,128.00,69.59
30.00,130.00,69.27
30.00,132.00,68.89
30.00,134.00,68.48
30.00,136.00,68.06
30.00,138.00,67.62
30.00,140.00,67.18
30.00,142.00,66.75
30.00,144.00,66.35
30.00,146.00,65.99
30.00,148.00,65.59
30.00,150.00,65.14
30.00,152.00,64.64
30.00,154.00,64.31
30.00,156.00,64.17
30.00,158.00,64.16
30.00,160.00,64.16
30.00,162.00,64.16
30.00,164.00,64.16
30.00,166.00,64.16
30.00,168.00,64.16
30.00,178.00,64.15
30.00,180.00,64.15
30.00,182.00,64.14
30.00,184.00,64.14
30.00,186.00,64.14
30.00,188.00,64.14
30.00,190.00,64.13
30.00,192.00,64.13
30.00,196.00,64.13
30.00,198.00,64.13
30.00,200.00,64.13
30.00,202.00,64.12
30.00,204.00,64.12
30.00,206.00,64.12
30.00,208.00,64.12
30.00,210.00,64.12
30.00,212.00,64.11
30.00,214.00,64.32
30.00,216.00,64.73
30.00,218.00,65.36
30.00,220.00,65.99
30.00,222.00,66.59
30.00,224.00,67.13
30.00,226.00,67.64
30.00,228.00,68.10
30.00,230.00,68.51
30.00,232.00,68.87
30.00,234.00,69.21
30.00,236.00,69.56
30.00,238.00,69.90
30.00,240.00,70.20
30.00,242.00,70.44
30.00,244.00,70.63
30.00,246.00,70.81
30.00,248.00,70.98
30.00,250.00,71.16
30.00,252.00,71.33
30.00,254.00,71.50
30.00,256.00,71.64
30.00,258.00,71.76
30.00,260.00,71.84
30.00,262.00,71.90
30.00,264.00,71.95
30.00,266.00,71.98
30.00,268.00,72.00
30.00,270.00,72.01
30.00,272.00,72.01
30.00,274.00,71.99
30.00,276.00,71.97
30.00,278.00,71.94
30.00,280.00,71.93
30.00,282.00,71.91
30.00,284.00,71.89
30.00,286.00,71.87
30.00,288.00,71.85
30.00,290.00,71.83
32.00,70.00,72.15
32.00,72.00,72.12
32.00,74.00,72.08
32.00,76.00,72.05
32.00,78.00,72.01
32.00,80.00,71.98
32.00,82.00,71.94
32.00,84.00,71.91
32.00,86.00,71.87
32.00,88.00,71.86
32.00,90.00,71.84
32.00,92.00,71.82
32.00,94.00,71.81
32.00,96.00,71.79
32.00,98.00,71.77
32.00,100.00,71.77
32.00,102.00,71.79
32.00,104.00,71.79
32.00,106.00,71.76
32.00,108.00,71.67
32.00,110.00,71.56
32.00,112.00,71.37
32.00,114.00,71.16
32.00,116.00,70.95
32.00,118.00,70.76
32.00,120.00,70.58
32.00,122.00,70.39
32.00,124.00,70.20
32.00,126.00,70.00
32.00,128.00,69.73
32.00,130.00,69.40
32.00,132.00,69.03
32.00,134.00,68.65
32.00,136.00,68.26
32.00,138.00,67.81
32.00,140.00,67.33
32.00,142.00,66.80
32.00,144.00,66.30
32.00,146.00,65.83
32.00,148.00,65.31
32.00,150.00,64.70
32.00,152.00,64.03
32.00,154.00,63.59
32.00,156.00,63.38
32.00,158.00,63.36
32.00,160.00,63.34
32.00,162.00,63.32
32.00,164.00,63.30
32.00,166.00,63.28
32.00,168.00,63.26
32.00,178.00,63.22
32.00,180.00,63.17
32.00,182.00,63.13
32.00,184.00,63.11
32.00,186.00,63.09
32.00,188.00,63.07
32.00,190.00,63.05
32.00,192.00,63.03
32.00,196.00,63.01
32.00,198.00,62.98
32.00,200.00,63.08
32.00,202.00,63.22
32.00,204.00,63.46
32.00,206.00,63.66
32.00,208.00,63.91
32.00,210.00,64.15
32.00,212.00,64.40
32.00,214.00,64.75
32.00,216.00,65.21
32.00,218.00,65.79
32.00,220.00,66.38
32.00,222.00,66.94
32.00,224.00,67.44
32.00,226.00,67.89
32.00,228.00,68.32
32.00,230.00,68.71
32.00,232.00,69.06
32.00,234.00,69.38
32.00,236.00,69.70
32.00,238.00,70.01
32.00,240.00,70.29
32.00,242.00,70.54
32.00,244.00,70.73
32.00,246.00,70.88
32.00,248.00,71.01
32.00,250.00,71.15
32.00,252.00,71.28
32.00,254.00,71.42
32.00,256.00,71.56
32.00,258.00,71.68
32.00,260.00,71.78
32.00,262.00,71.87
32.00,264.00,71.95
32.00,266.00,72.00
32.00,268.00,72.04
32.00,270.00,72.06
32.00,272.00,72.06
32.00,274.00,72.04
32.00,276.00,72.01
32.00,278.00,71.97
32.00,280.00,71.95
32.00,282.00,71.92
32.00,284.00,71.89
32.00,286.00,71.86
32.00,288.00,71.83
32.00,290.00,71.80
34.00,70.00,72.02
34.00,72.00,72.01
34.00,74.00,72.00
34.00,76.00,71.98
34.00,78.00,71.97
34.00,80.00,71.96
34.00,82.00,71.95
34.00,84.00,71.94
34.00,86.00,71.93
34.00,88.00,71.94
34.00,90.00,71.96
34.00,92.00,71.97
34.00,94.00,71.97
34.00,96.00,71.96
34.00,98.00,71.93
34.00,100.00,71.91
34.00,102.00,71.86
34.00,104.00,71.80
34.00,106.00,71.71
34.00,108.00,71.60
34.00,110.00,71.46
34.00,112.00,71.31
34.00,114.00,71.16
34.00,116.00,71.01
34.00,118.00,70.86
34.00,120.00,70.71
34.00,122.00,70.55
34.00,124.00,70.36
34.00,126.00,70.13
34.00,128.00,69.86
34.00,130.00,69.56
34.00,132.00,69.23
34.00,134.00,68.88
34.00,136.00,68.49
34.00,138.00,68.09
34.00,140.00,67.64
34.00,142.00,67.18
34.00,144.00,66.73
34.00,146.00,66.30
34.00,148.00,65.79
34.00,150.00,65.23
34.00,152.00,64.63
34.00,154.00,64.19
34.00,156.00,63.86
34.00,158.00,63.66
34.00,160.00,63.46
34.00,162.00,63.26
34.00,164.00,63.01
34.00,166.00,62.70
34.00,168.00,62.50
34.00,178.00,62.25
34.00,180.00,62.09
34.00,182.00,61.87
34.00,184.00,61.82
34.00,186.00,61.83
34.00,188.00,61.90
34.00,190.00,61.98
34.00,192.00,62.07
34.00,196.00,62.18
34.00,198.00,62.17
34.00,200.00,62.35
34.00,202.00,62.64
34.00,204.00,63.14
34.00,206.00,63.56
34.00,208.00,63.96
34.00,210.00,64.38
34.00,212.00,64.81
34.00,214.00,65.25
34.00,216.00,65.71
34.00,218.00,66.19
34.00,220.00,66.71
34.00,222.00,67.23
34.00,224.00,67.70
34.00,226.00,68.11
34.00,228.00,68.49
34.00,230.00,68.86
34.00,232.00,69.21
34.00,234.00,69.54
34.00,236.00,69.85
34.00,238.00,70.13
34.00,240.00,70.40
34.00,242.00,70.63
34.00,244.00,70.84
34.00,246.00,70.99
34.00,248.00,71.10
34.00,250.00,71.20
34.00,252.00,71.31
34.00,254.00,71.41
34.00,256.00,71.51
34.00,258.00,71.62
34.00,260.00,71.72
34.00,262.00,71.82
34.00,264.00,71.92
34.00,266.00,71.99
34.00,268.00,72.05
34.00,270.00,72.09
34.00,272.00,72.10
34.00,274.00,72.08
34.00,276.00,72.04
34.00,278.00,72.00
34.00,280.00,71.96
34.00,282.00,71.92
34.00,284.00,71.88
34.00,286.00,71.84
34.00,288.00,71.80
34.00,290.00,71.76
36.00,70.00,71.89
36.00,72.00,71.90
36.00,74.00,71.91
36.00,76.00,71.92
36.00,78.00,71.93
36.00,80.00,71.95
36.00,82.00,71.96
36.00,84.00,71.97
36.00,86.00,71.98
36.00,88.00,72.01
36.00,90.00,72.05
36.00,92.00,72.07
36.00,94.00,72.07
36.00,96.00,72.04
36.00,98.00,72.01
36.00,100.00,71.94
36.00,102.00,71.85
36.00,104.00,71.75
36.00,106.00,71.64
36.00,108.00,71.53
36.00,110.00,71.42
36.00,112.00,71.31
36.00,114.00,71.20
36.00,116.00,71.09
36.00,118.00,70.98
36.00,120.00,70.85
36.00,122.00,70.69
36.00,124.00,70.48
36.00,126.00,70.25
36.00,128.00,69.99
36.00,130.00,69.72
36.00,132.00,69.42
36.00,134.00,69.09
36.00,136.00,68.72
36.00,138.00,68.35
36.00,140.00,67.98
36.00,142.00,67.58
36.00,144.00,67.18
36.00,146.00,66.73
36.00,148.00,66.26
36.00,150.00,65.74
36.00,152.00,65.20
36.00,154.00,64.72
36.00,156.00,64.30
36.00,158.00,63.94
36.00,160.00,63.59
36.00,162.00,63.22
36.00,164.00,62.80
36.00,166.00,62.34
36.00,168.00,62.00
36.00,178.00,61.55
36.00,180.00,61.22
36.00,182.00,60.83
36.00,184.00,60.69
36.00,186.00,60.71
36.00,188.00,60.85
36.00,190.00,61.07
36.00,192.00,61.25
36.00,196.00,61.49
36.00,198.00,61.63
36.00,200.00,61.97
36.00,202.00,62.40
36.00,204.00,63.04
36.00,206.00,63.60
36.00,208.00,64.14
36.00,210.00,64.71
36.00,212.00,65.27
36.00,214.00,65.80
36.00,216.00,66.28
36.00,218.00,66.71
36.00,220.00,67.14
36.00,222.00,67.58
36.00,224.00,67.99
36.00,226.00,68.35
36.00,228.00,68.68
36.00,230.00,69.00
36.00,232.00,69.33
36.00,234.00,69.65
36.00,236.00,69.96
36.00,238.00,70.24
36.00,240.00,70.49
36.00,242.00,70.72
36.00,244.00,70.92
36.00,246.00,71.09
36.00,248.00,71.22
36.00,250.00,71.32
36.00,252.00,71.40
36.00,254.00,71.48
36.00,256.00,71.56
36.00,258.00,71.64
36.00,260.00,71.72
36.00,262.00,71.79
36.00,264.00,71.87
36.00,266.00,71.95
36.00,268.00,72.01
36.00,270.00,72.06
36.00,272.00,72.09
36.00,274.00,72.09
36.00,276.00,72.06
36.00,278.00,72.02
36.00,280.00,71.98
36.00,282.00,71.94
36.00,284.00,71.89
36.00,286.00,71.85
36.00,288.00,71.81
36.00,290.00,71.76
38.00,70.00,71.80
38.00,72.00,71.83
38.00,74.00,71.86
38.00,76.00,71.88
38.00,78.00,71.91
38.00,80.00,71.94
38.00,82.00,71.96
38.00,84.00,71.99
38.00,86.00,72.02
38.00,88.00,72.06
38.00,90.00,72.09
38.00,92.00,72.11
38.00,94.00,72.09
38.00,96.00,72.04
38.00,98.00,71.97
38.00,100.00,71.90
38.00,102.00,71.81
38.00,104.00,71.72
38.00,106.00,71.64
38.00,108.00,71.55
38.00,110.00,71.46
38.00,112.00,71.38
38.00,114.00,71.29
38.00,116.00,71.21
38.00,118.00,71.11
38.00,120.00,70.97
38.00,122.00,70.79
38.00,124.00,70.58
38.00,126.00,70.36
38.00,128.00,70.12
38.00,130.00,69.86
38.00,132.00,69.56
38.00,134.00,69.25
38.00,136.00,68.93
38.00,138.00,68.62
38.00,140.00,68.30
38.00,142.00,67.96
38.00,144.00,67.57
38.00,146.00,67.15
38.00,148.00,66.71
38.00,150.00,66.27
38.00,152.00,65.81
38.00,154.00,65.33
38.00,156.00,64.85
38.00,158.00,64.39
38.00,160.00,63.96
38.00,162.00,63.50
38.00,164.00,63.02
38.00,166.00,62.46
38.00,168.00,62.04
38.00,178.00,61.54
38.00,180.00,61.21
38.00,182.00,60.86
38.00,184.00,60.78
38.00,186.00,60.84
38.00,188.00,61.07
38.00,190.00,61.40
38.00,192.00,61.73
38.00,196.00,62.16
38.00,198.00,62.48
38.00,200.00,62.89
38.00,202.00,63.28
38.00,204.00,63.79
38.00,206.00,64.32
38.00,208.00,64.82
38.00,210.00,65.36
38.00,212.00,65.84
38.00,214.00,66.32
38.00,216.00,66.76
38.00,218.00,67.17
38.00,220.00,67.57
38.00,222.00,67.95
38.00,224.00,68.32
38.00,226.00,68.65
38.00,228.00,68.95
38.00,230.00,69.22
38.00,232.00,69.51
38.00,234.00,69.79
38.00,236.00,70.07
38.00,238.00,70.33
38.00,240.00,70.58
38.00,242.00,70.79
38.00,244.00,71.00
38.00,246.00,71.18
38.00,248.00,71.33
38.00,250.00,71.44
38.00,252.00,71.51
38.00,254.00,71.57
38.00,256.00,71.62
38.00,258.00,71.68
38.00,260.00,71.74
38.00,262.00,71.80
38.00,264.00,71.86
38.00,266.00,71.92
38.00,268.00,71.98
38.00,270.00,72.03
38.00,272.00,72.07
38.00,274.00,72.09
38.00,276.00,72.10
38.00,278.00,72.09
38.00,280.00,72.07
38.00,282.00,72.06
38.00,284.00,72.05
38.00,286.00,72.03
38.00,288.00,72.02
38.00,290.00,72.00
40.00,70.00,72.09
40.00,72.00,72.09
40.00,74.00,72.10
40.00,76.00,72.10
40.00,78.00,72.10
40.00,80.00,72.11
40.00,82.00,72.11
40.00,84.00,72.12
40.00,86.00,72.12
40.00,88.00,72.13
40.00,90.00,72.13
40.00,92.00,72.11
40.00,94.00,72.08
40.00,96.00,72.02
40.00,98.00,71.96
40.00,100.00,71.89
40.00,102.00,71.82
40.00,104.00,71.75
40.00,106.00,71.68
40.00,108.00,71.62
40.00,110.00,71.55
40.00,112.00,71.48
40.00,114.00,71.42
40.00,116.00,71.34
40.00,118.00,71.24
40.00,120.00,71.08
40.00,122.00,70.89
40.00,124.00,70.67
40.00,126.00,70.45
40.00,128.00,70.20
40.00,130.00,69.94
40.00,132.00,69.66
40.00,134.00,69.38
40.00,136.00,69.10
40.00,138.00,68.84
40.00,140.00,68.56
40.00,142.00,68.25
40.00,144.00,67.88
40.00,146.00,67.50
40.00,148.00,67.12
40.00,150.00,66.73
40.00,152.00,66.32
40.00,154.00,65.89
40.00,156.00,65.46
40.00,158.00,65.04
40.00,160.00,64.66
40.00,162.00,64.27
40.00,164.00,63.90
40.00,166.00,63.53
40.00,168.00,63.18
40.00,178.00,62.71
40.00,180.00,62.35
40.00,182.00,62.07
40.00,184.00,61.99
40.00,186.00,62.01
40.00,188.00,62.16
40.00,190.00,62.44
40.00,192.00,62.76
40.00,196.00,63.18
40.00,198.00,63.61
40.00,200.00,64.05
40.00,202.00,64.39
40.00,204.00,64.73
40.00,206.00,65.15
40.00,208.00,65.58
40.00,210.00,66.03
40.00,212.00,66.43
40.00,214.00,66.84
40.00,216.00,67.22
40.00,218.00,67.60
40.00,220.00,67.95
40.00,222.00,68.29
40.00,224.00,68.62
40.00,226.00,68.92
40.00,228.00,69.21
40.00,230.00,69.46
40.00,232.00,69.71
40.00,234.00,69.94
40.00,236.00,70.18
40.00,238.00,70.41
40.00,240.00,70.64
40.00,242.00,70.85
40.00,244.00,71.05
40.00,246.00,71.23
40.00,248.00,71.41
40.00,250.00,71.54
40.00,252.00,71.63
40.00,254.00,71.67
40.00,256.00,71.71
40.00,258.00,71.74
40.00,260.00,71.78
40.00,262.00,71.83
40.00,264.00,71.87
40.00,266.00,71.92
40.00,268.00,71.97
40.00,270.00,72.01
40.00,272.00,72.06
40.00,274.00,72.10
40.00,276.00,72.13
40.00,278.00,72.14
40.00,280.00,72.16
40.00,282.00,72.18
40.00,284.00,72.19
40.00,286.00,72.21
40.00,288.00,72.22
40.00,290.00,72.24
42.00,70.00,72.38
42.00,72.00,72.36
42.00,74.00,72.34
42.00,76.00,72.32
42.00,78.00,72.29
42.00,80.00,72.27
42.00,82.00,72.25
42.00,84.00,72.22
42.00,86.00,72.20
42.00,88.00,72.18
42.00,90.00,72.15
42.00,92.00,72.12
42.00,94.00,72.07
42.00,96.00,72.01
42.00,98.00,71.95
42.00,100.00,71.90
42.00,102.00,71.84
42.00,104.00,71.79
42.00,106.00,71.74
42.00,108.00,71.69
42.00,110.00,71.64
42.00,112.00,71.58
42.00,114.00,71.53
42.00,116.00,71.44
42.00,118.00,71.32
42.00,120.00,71.15
42.00,122.00,70.96
42.00,124.00,70.76
42.00,126.00,70.53
42.00,128.00,70.30
42.00,130.00,70.06
42.00,132.00,69.82
42.00,134.00,69.57
42.00,136.00,69.33
42.00,138.00,69.10
42.00,140.00,68.84
42.00,142.00,68.56
42.00,144.00,68.24
42.00,146.00,67.92
42.00,148.00,67.56
42.00,150.00,67.21
42.00,152.00,66.85
42.00,154.00,66.52
42.00,156.00,66.17
42.00,158.00,65.83
42.00,160.00,65.50
42.00,162.00,65.18
42.00,164.00,64.86
42.00,166.00,64.52
42.00,168.00,64.18
42.00,178.00,63.76
42.00,180.00,63.44
42.00,182.00,63.24
42.00,184.00,63.23
42.00,186.00,63.23
42.00,188.00,63.30
42.00,190.00,63.45
42.00,192.00,63.69
42.00,196.00,64.04
42.00,198.00,64.42
42.00,200.00,64.81
42.00,202.00,65.13
42.00,204.00,65.41
42.00,206.00,65.77
42.00,208.00,66.14
42.00,210.00,66.53
42.00,212.00,66.88
42.00,214.00,67.22
42.00,216.00,67.56
42.00,218.00,67.90
42.00,220.00,68.25
42.00,222.00,68.57
42.00,224.00,68.88
42.00,226.00,69.17
42.00,228.00,69.45
42.00,230.00,69.69
42.00,232.00,69.90
42.00,234.00,70.09
42.00,236.00,70.28
42.00,238.00,70.48
42.00,240.00,70.67
42.00,242.00,70.87
42.00,244.00,71.06
42.00,246.00,71.24
42.00,248.00,71.41
42.00,250.00,71.56
42.00,252.00,71.68
42.00,254.00,71.75
42.00,256.00,71.79
42.00,258.00,71.81
42.00,260.00,71.84
42.00,262.00,71.88
42.00,264.00,71.92
42.00,266.00,71.96
42.00,268.00,71.99
42.00,270.00,72.04
42.00,272.00,72.07
42.00,274.00,72.11
42.00,276.00,72.15
42.00,278.00,72.19
42.00,280.00,72.23
42.00,282.00,72.27
42.00,284.00,72.31
42.00,286.00,72.35
42.00,288.00,72.39
42.00,290.00,72.43
44.00,70.00,72.65
44.00,72.00,72.60
44.00,74.00,72.55
44.00,76.00,72.50
44.00,78.00,72.46
44.00,80.00,72.41
44.00,82.00,72.36
44.00,84.00,72.31
44.00,86.00,72.27
44.00,88.00,72.22
44.00,90.00,72.17
44.00,92.00,72.13
44.00,94.00,72.08
44.00,96.00,72.03
44.00,98.00,71.98
44.00,100.00,71.93
44.00,102.00,71.89
44.00,104.00,71.84
44.00,106.00,71.80
44.00,108.00,71.77
44.00,110.00,71.74
44.00,112.00,71.68
44.00,114.00,71.61
44.00,116.00,71.50
44.00,118.00,71.36
44.00,120.00,71.18
44.00,122.00,71.00
44.00,124.00,70.81
44.00,126.00,70.61
44.00,128.00,70.40
44.00,130.00,70.20
44.00,132.00,69.99
44.00,134.00,69.78
44.00,136.00,69.56
44.00,138.00,69.34
44.00,140.00,69.11
44.00,142.00,68.87
44.00,144.00,68.61
44.00,146.00,68.30
44.00,148.00,67.94
44.00,150.00,67.58
44.00,152.00,67.26
44.00,154.00,66.99
44.00,156.00,66.72
44.00,158.00,66.45
44.00,160.00,66.16
44.00,162.00,65.88
44.00,164.00,65.59
44.00,166.00,65.30
44.00,168.00,65.02
44.00,178.00,64.67
44.00,180.00,64.41
44.00,182.00,64.23
44.00,184.00,64.23
44.00,186.00,64.22
44.00,188.00,64.25
44.00,190.00,64.36
44.00,192.00,64.56
44.00,196.00,64.87
44.00,198.00,65.23
44.00,200.00,65.61
44.00,202.00,65.93
44.00,204.00,66.22
44.00,206.00,66.51
44.00,208.00,66.80
44.00,210.00,67.09
44.00,212.00,67.37
44.00,214.00,67.64
44.00,216.00,67.92
44.00,218.00,68.20
44.00,220.00,68.50
44.00,222.00,68.82
44.00,224.00,69.12
44.00,226.00,69.41
44.00,228.00,69.65
44.00,230.00,69.88
44.00,232.00,70.06
44.00,234.00,70.22
44.00,236.00,70.38
44.00,238.00,70.54
44.00,240.00,70.71
44.00,242.00,70.88
44.00,244.00,71.04
44.00,246.00,71.21
44.00,248.00,71.37
44.00,250.00,71.52
44.00,252.00,71.66
44.00,254.00,71.76
44.00,256.00,71.83
44.00,258.00,71.87
44.00,260.00,71.90
44.00,262.00,71.93
44.00,264.00,71.96
44.00,266.00,71.99
44.00,268.00,72.02
44.00,270.00,72.06
44.00,272.00,72.09
44.00,274.00,72.12
44.00,276.00,72.15
44.00,278.00,72.19
44.00,280.00,72.22
44.00,282.00,72.25
44.00,284.00,72.28
44.00,286.00,72.32
44.00,288.00,72.35
44.00,290.00,72.38
46.00,70.00,72.55
46.00,72.00,72.51
46.00,74.00,72.47
46.00,76.00,72.43
46.00,78.00,72.40
46.00,80.00,72.36
46.00,82.00,72.32
46.00,84.00,72.28
46.00,86.00,72.24
46.00,88.00,72.20
46.00,90.00,72.16
46.00,92.00,72.13
46.00,94.00,72.09
46.00,96.00,72.05
46.00,98.00,72.00
46.00,100.00,71.97
46.00,102.00,71.93
46.00,104.00,71.89
46.00,106.00,71.86
46.00,108.00,71.83
46.00,110.00,71.80
46.00,112.00,71.72
46.00,114.00,71.62
46.00,116.00,71.49
46.00,118.00,71.34
46.00,120.00,71.17
46.00,122.00,71.01
46.00,124.00,70.84
46.00,126.00,70.67
46.00,128.00,70.50
46.00,130.00,70.33
46.00,132.00,70.16
46.00,134.00,70.00
46.00,136.00,69.81
46.00,138.00,69.60
46.00,140.00,69.36
46.00,142.00,69.14
46.00,144.00,68.92
46.00,146.00,68.65
46.00,148.00,68.33
46.00,150.00,68.01
46.00,152.00,67.74
46.00,154.00,67.52
46.00,156.00,67.29
46.00,158.00,67.07
46.00,160.00,66.83
46.00,162.00,66.57
46.00,164.00,66.30
46.00,166.00,66.03
46.00,168.00,65.79
46.00,178.00,65.51
46.00,180.00,65.32
46.00,182.00,65.18
46.00,184.00,65.19
46.00,186.00,65.19
46.00,188.00,65.19
46.00,190.00,65.25
46.00,192.00,65.38
46.00,196.00,65.62
46.00,198.00,65.91
46.00,200.00,66.24
46.00,202.00,66.51
46.00,204.00,66.76
46.00,206.00,67.00
46.00,208.00,67.24
46.00,210.00,67.50
46.00,212.00,67.76
46.00,214.00,68.03
46.00,216.00,68.28
46.00,218.00,68.52
46.00,220.00,68.78
46.00,222.00,69.08
46.00,224.00,69.36
46.00,226.00,69.63
46.00,228.00,69.86
46.00,230.00,70.07
46.00,232.00,70.24
46.00,234.00,70.39
46.00,236.00,70.53
46.00,238.00,70.66
46.00,240.00,70.79
46.00,242.00,70.93
46.00,244.00,71.06
46.00,246.00,71.20
46.00,248.00,71.33
46.00,250.00,71.47
46.00,252.00,71.60
46.00,254.00,71.72
46.00,256.00,71.82
46.00,258.00,71.88
46.00,260.00,71.92
46.00,262.00,71.96
46.00,264.00,71.99
46.00,266.00,72.02
46.00,268.00,72.05
46.00,270.00,72.08
46.00,272.00,72.10
46.00,274.00,72.13
46.00,276.00,72.15
46.00,278.00,72.18
46.00,280.00,72.20
46.00,282.00,72.23
46.00,284.00,72.25
46.00,286.00,72.28
46.00,288.00,72.31
46.00,290.00,72.33
48.00,70.00,72.45
48.00,72.00,72.42
48.00,74.00,72.39
48.00,76.00,72.36
48.00,78.00,72.33
48.00,80.00,72.30
48.00,82.00,72.27
48.00,84.00,72.24
48.00,86.00,72.21
48.00,88.00,72.18
48.00,90.00,72.15
48.00,92.00,72.12
48.00,94.00,72.10
48.00,96.00,72.06
48.00,98.00,72.03
48.00,100.00,71.99
48.00,102.00,71.96
48.00,104.00,71.93
48.00,106.00,71.89
48.00,108.00,71.85
48.00,110.00,71.78
48.00,112.00,71.69
48.00,114.00,71.57
48.00,116.00,71.43
48.00,118.00,71.29
48.00,120.00,71.15
48.00,122.00,71.01
48.00,124.00,70.87
48.00,126.00,70.73
48.00,128.00,70.59
48.00,130.00,70.45
48.00,132.00,70.32
48.00,134.00,70.18
48.00,136.00,70.02
48.00,138.00,69.82
48.00,140.00,69.61
48.00,142.00,69.40
48.00,144.00,69.19
48.00,146.00,68.94
48.00,148.00,68.68
48.00,150.00,68.41
48.00,152.00,68.18
48.00,154.00,67.96
48.00,156.00,67.74
48.00,158.00,67.53
48.00,160.00,67.32
48.00,162.00,67.10
48.00,164.00,66.87
48.00,166.00,66.65
48.00,168.00,66.48
48.00,178.00,66.26
48.00,180.00,66.11
48.00,182.00,65.99
48.00,184.00,65.99
48.00,186.00,65.99
48.00,188.00,65.99
48.00,190.00,66.05
48.00,192.00,66.18
48.00,196.00,66.43
48.00,198.00,66.68
48.00,200.00,66.94
48.00,202.00,67.15
48.00,204.00,67.37
48.00,206.00,67.56
48.00,208.00,67.76
48.00,210.00,67.99
48.00,212.00,68.21
48.00,214.00,68.44
48.00,216.00,68.65
48.00,218.00,68.87
48.00,220.00,69.08
48.00,222.00,69.33
48.00,224.00,69.57
48.00,226.00,69.82
48.00,228.00,70.04
48.00,230.00,70.24
48.00,232.00,70.41
48.00,234.00,70.57
48.00,236.00,70.70
48.00,238.00,70.83
48.00,240.00,70.93
48.00,242.00,71.04
48.00,244.00,71.14
48.00,246.00,71.25
48.00,248.00,71.35
48.00,250.00,71.46
48.00,252.00,71.56
48.00,254.00,71.67
48.00,256.00,71.76
48.00,258.00,71.85
48.00,260.00,71.91
48.00,262.00,71.96
48.00,264.00,72.00
48.00,266.00,72.04
48.00,268.00,72.07
48.00,270.00,72.10
48.00,272.00,72.12
48.00,274.00,72.14
48.00,276.00,72.16
48.00,278.00,72.18
48.00,280.00,72.20
48.00,282.00,72.22
48.00,284.00,72.24
48.00,286.00,72.26
48.00,288.00,72.27
48.00,290.00,72.29
50.00,70.00,72.41
50.00,72.00,72.38
50.00,74.00,72.36
50.00,76.00,72.33
50.00,78.00,72.31
50.00,80.00,72.28
50.00,82.00,72.26
50.00,84.00,72.23
50.00,86.00,72.21
50.00,88.00,72.18
50.00,90.00,72.15
50.00,92.00,72.13
50.00,94.00,72.10
50.00,96.00,72.08
50.00,98.00,72.04
50.00,100.00,72.01
50.00,102.00,71.98
50.00,104.00,71.93
50.00,106.00,71.88
50.00,108.00,71.81
50.00,110.00,71.72
50.00,112.00,71.62
50.00,114.00,71.50
50.00,116.00,71.39
50.00,118.00,71.28
50.00,120.00,71.17
50.00,122.00,71.05
50.00,124.00,70.94
50.00,126.00,70.83
50.00,128.00,70.71
50.00,130.00,70.60
50.00,132.00,70.49
50.00,134.00,70.38
50.00,136.00,70.23
50.00,138.00,70.06
50.00,140.00,69.86
50.00,142.00,69.66
50.00,144.00,69.45
50.00,146.00,69.25
50.00,148.00,69.04
50.00,150.00,68.84
50.00,152.00,68.63
50.00,154.00,68.42
50.00,156.00,68.23
50.00,158.00,68.05
50.00,160.00,67.87
50.00,162.00,67.68
50.00,164.00,67.48
50.00,166.00,67.31
50.00,168.00,67.17
50.00,178.00,66.98
50.00,180.00,66.84
50.00,182.00,66.72
50.00,184.00,66.73
50.00,186.00,66.73
50.00,188.00,66.74
50.00,190.00,66.79
50.00,192.00,66.88
50.00,196.00,67.06
50.00,198.00,67.23
50.00,200.00,67.42
50.00,202.00,67.62
50.00,204.00,67.84
50.00,206.00,68.05
50.00,208.00,68.21
50.00,210.00,68.41
50.00,212.00,68.60
50.00,214.00,68.81
50.00,216.00,69.00
50.00,218.00,69.19
50.00,220.00,69.39
50.00,222.00,69.58
50.00,224.00,69.78
50.00,226.00,69.98
50.00,228.00,70.19
50.00,230.00,70.38
50.00,232.00,70.56
50.00,234.00,70.73
50.00,236.00,70.88
50.00,238.00,71.00
50.00,240.00,71.10
50.00,242.00,71.18
50.00,244.00,71.26
50.00,246.00,71.34
50.00,248.00,71.42
50.00,250.00,71.50
50.00,252.00,71.58
50.00,254.00,71.66
50.00,256.00,71.74
50.00,258.00,71.82
50.00,260.00,71.89
50.00,262.00,71.96
50.00,264.00,72.01
50.00,266.00,72.06
50.00,268.00,72.11
50.00,270.00,72.14
50.00,272.00,72.18
50.00,274.00,72.21
50.00,276.00,72.25
50.00,278.00,72.28
50.00,280.00,72.32
50.00,282.00,72.35
50.00,284.00,72.38
50.00,286.00,72.42
50.00,288.00,72.45
50.00,290.00,72.49
52.00,70.00,72.66
52.00,72.00,72.62
52.00,74.00,72.58
52.00,76.00,72.54
52.00,78.00,72.50
52.00,80.00,72.46
52.00,82.00,72.42
52.00,84.00,72.38
52.00,86.00,72.33
52.00,88.00,72.29
52.00,90.00,72.25
52.00,92.00,72.21
52.00,94.00,72.17
52.00,96.00,72.13
52.00,98.00,72.09
52.00,100.00,72.04
52.00,102.00,71.98
52.00,104.00,71.93
52.00,106.00,71.85
52.00,108.00,71.77
52.00,110.00,71.68
52.00,112.00,71.59
52.00,114.00,71.51
52.00,116.00,71.42
52.00,118.00,71.33
52.00,120.00,71.24
52.00,122.00,71.15
52.00,124.00,71.06
52.00,126.00,70.97
52.00,128.00,70.89
52.00,130.00,70.80
52.00,132.00,70.70
52.00,134.00,70.57
52.00,136.00,70.41
52.00,138.00,70.25
52.00,140.00,70.07
52.00,142.00,69.89
52.00,144.00,69.70
52.00,146.00,69.52
52.00,148.00,69.35
52.00,150.00,69.17
52.00,152.00,68.99
52.00,154.00,68.81
52.00,156.00,68.65
52.00,158.00,68.49
52.00,160.00,68.33
52.00,162.00,68.17
52.00,164.00,67.98
52.00,166.00,67.81
52.00,168.00,67.68
52.00,178.00,67.55
52.00,180.00,67.44
52.00,182.00,67.36
52.00,184.00,67.37
52.00,186.00,67.38
52.00,188.00,67.39
52.00,190.00,67.44
52.00,192.00,67.51
52.00,196.00,67.66
52.00,198.00,67.80
52.00,200.00,67.95
52.00,202.00,68.11
52.00,204.00,68.30
52.00,206.00,68.52
52.00,208.00,68.70
52.00,210.00,68.87
52.00,212.00,69.03
52.00,214.00,69.19
52.00,216.00,69.35
52.00,218.00,69.51
52.00,220.00,69.68
52.00,222.00,69.84
52.00,224.00,70.01
52.00,226.00,70.18
52.00,228.00,70.35
52.00,230.00,70.51
52.00,232.00,70.68
52.00,234.00,70.84
52.00,236.00,71.00
52.00,238.00,71.14
52.00,240.00,71.24
52.00,242.00,71.32
52.00,244.00,71.39
52.00,246.00,71.45
52.00,248.00,71.51
52.00,250.00,71.57
52.00,252.00,71.63
52.00,254.00,71.69
52.00,256.00,71.76
52.00,258.00,71.82
52.00,260.00,71.89
52.00,262.00,71.95
52.00,264.00,72.02
52.00,266.00,72.08
52.00,268.00,72.13
52.00,270.00,72.18
52.00,272.00,72.23
52.00,274.00,72.28
52.00,276.00,72.32
52.00,278.00,72.37
52.00,280.00,72.42
52.00,282.00,72.46
52.00,284.00,72.51
52.00,286.00,72.56
52.00,288.00,72.61
52.00,290.00,72.65
54.00,70.00,72.89
54.00,72.00,72.83
54.00,74.00,72.78
54.00,76.00,72.72
54.00,78.00,72.67
54.00,80.00,72.61
54.00,82.00,72.56
54.00,84.00,72.50
54.00,86.00,72.45
54.00,88.00,72.39
54.00,90.00,72.34
54.00,92.00,72.28
54.00,94.00,72.23
54.00,96.00,72.17
54.00,98.00,72.11
54.00,100.00,72.06
54.00,102.00,71.99
54.00,104.00,71.92
54.00,106.00,71.85
54.00,108.00,71.78
54.00,110.00,71.70
54.00,112.00,71.64
54.00,114.00,71.57
54.00,116.00,71.50
54.00,118.00,71.43
54.00,120.00,71.37
54.00,122.00,71.29
54.00,124.00,71.23
54.00,126.00,71.15
54.00,128.00,71.07
54.00,130.00,70.98
54.00,132.00,70.85
54.00,134.00,70.71
54.00,136.00,70.56
54.00,138.00,70.40
54.00,140.00,70.25
54.00,142.00,70.11
54.00,144.00,69.96
54.00,146.00,69.81
54.00,148.00,69.66
54.00,150.00,69.51
54.00,152.00,69.37
54.00,154.00,69.22
54.00,156.00,69.07
54.00,158.00,68.93
54.00,160.00,68.80
54.00,162.00,68.64
54.00,164.00,68.46
54.00,166.00,68.31
54.00,168.00,68.21
54.00,178.00,68.10
54.00,180.00,68.01
54.00,182.00,67.95
54.00,184.00,67.97
54.00,186.00,67.98
54.00,188.00,68.00
54.00,190.00,68.04
54.00,192.00,68.10
54.00,196.00,68.20
54.00,198.00,68.30
54.00,200.00,68.40
54.00,202.00,68.54
54.00,204.00,68.70
54.00,206.00,68.90
54.00,208.00,69.08
54.00,210.00,69.25
54.00,212.00,69.40
54.00,214.00,69.55
54.00,216.00,69.68
54.00,218.00,69.83
54.00,220.00,69.97
54.00,222.00,70.11
54.00,224.00,70.25
54.00,226.00,70.39
54.00,228.00,70.54
54.00,230.00,70.68
54.00,232.00,70.82
54.00,234.00,70.96
54.00,236.00,71.11
54.00,238.00,71.24
54.00,240.00,71.37
54.00,242.00,71.46
54.00,244.00,71.54
54.00,246.00,71.59
54.00,248.00,71.63
54.00,250.00,71.66
54.00,252.00,71.71
54.00,254.00,71.75
54.00,256.00,71.80
54.00,258.00,71.86
54.00,260.00,71.91
54.00,262.00,71.97
54.00,264.00,72.03
54.00,266.00,72.08
54.00,268.00,72.14
54.00,270.00,72.20
54.00,272.00,72.26
54.00,274.00,72.32
54.00,276.00,72.38
54.00,278.00,72.43
54.00,280.00,72.49
54.00,282.00,72.55
54.00,284.00,72.61
54.00,286.00,72.67
54.00,288.00,72.73
54.00,290.00,72.78
56.00,70.00,73.04
56.00,72.00,72.98
56.00,74.00,72.91
56.00,76.00,72.85
56.00,78.00,72.78
56.00,80.00,72.72
56.00,82.00,72.65
56.00,84.00,72.59
56.00,86.00,72.52
56.00,88.00,72.46
56.00,90.00,72.39
56.00,92.00,72.33
56.00,94.00,72.26
56.00,96.00,72.20
56.00,98.00,72.13
56.00,100.00,72.07
56.00,102.00,72.01
56.00,104.00,71.94
56.00,106.00,71.88
56.00,108.00,71.82
56.00,110.00,71.76
56.00,112.00,71.71
56.00,114.00,71.66
56.00,116.00,71.62
56.00,118.00,71.56
56.00,120.00,71.51
56.00,122.00,71.46
56.00,124.00,71.40
56.00,126.00,71.32
56.00,128.00,71.23
56.00,130.00,71.13
56.00,132.00,71.00
56.00,134.00,70.85
56.00,136.00,70.71
56.00,138.00,70.58
56.00,140.00,70.45
56.00,142.00,70.32
56.00,144.00,70.20
56.00,146.00,70.07
56.00,148.00,69.94
56.00,150.00,69.82
56.00,152.00,69.69
56.00,154.00,69.56
56.00,156.00,69.44
56.00,158.00,69.33
56.00,160.00,69.20
56.00,162.00,69.06
56.00,164.00,68.89
56.00,166.00,68.76
56.00,168.00,68.68
56.00,178.00,68.58
56.00,180.00,68.52
56.00,182.00,68.47
56.00,184.00,68.50
56.00,186.00,68.52
56.00,188.00,68.54
56.00,190.00,68.58
56.00,192.00,68.64
56.00,196.00,68.74
56.00,198.00,68.84
56.00,200.00,68.93
56.00,202.00,69.01
56.00,204.00,69.11
56.00,206.00,69.23
56.00,208.00,69.40
56.00,210.00,69.56
56.00,212.00,69.70
56.00,214.00,69.83
56.00,216.00,69.96
56.00,218.00,70.10
56.00,220.00,70.22
56.00,222.00,70.34
56.00,224.00,70.47
56.00,226.00,70.59
56.00,228.00,70.71
56.00,230.00,70.83
56.00,232.00,70.95
56.00,234.00,71.08
56.00,236.00,71.20
56.00,238.00,71.33
56.00,240.00,71.45
56.00,242.00,71.56
56.00,244.00,71.64
56.00,246.00,71.69
56.00,248.00,71.73
56.00,250.00,71.76
56.00,252.00,71.79
56.00,254.00,71.82
56.00,256.00,71.85
56.00,258.00,71.89
56.00,260.00,71.94
56.00,262.00,71.98
56.00,264.00,72.03
56.00,266.00,72.08
56.00,268.00,72.13
56.00,270.00,72.18
56.00,272.00,72.23
56.00,274.00,72.27
56.00,276.00,72.32
56.00,278.00,72.37
56.00,280.00,72.42
56.00,282.00,72.47
56.00,284.00,72.52
56.00,286.00,72.57
56.00,288.00,72.62
56.00,290.00,72.67
58.00,70.00,72.88
58.00,72.00,72.82
58.00,74.00,72.77
58.00,76.00,72.71
58.00,78.00,72.66
58.00,80.00,72.61
58.00,82.00,72.55
58.00,84.00,72.50
58.00,86.00,72.44
58.00,88.00,72.39
58.00,90.00,72.34
58.00,92.00,72.28
58.00,94.00,72.23
58.00,96.00,72.17
58.00,98.00,72.12
58.00,100.00,72.07
58.00,102.00,72.01
58.00,104.00,71.96
58.00,106.00,71.91
58.00,108.00,71.86
58.00,110.00,71.82
58.00,112.00,71.78
58.00,114.00,71.76
58.00,116.00,71.73
58.00,118.00,71.68
58.00,120.00,71.65
58.00,122.00,71.60
58.00,124.00,71.54
58.00,126.00,71.44
58.00,128.00,71.34
58.00,130.00,71.23
58.00,132.00,71.11
58.00,134.00,71.00
58.00,136.00,70.89
58.00,138.00,70.77
58.00,140.00,70.66
58.00,142.00,70.55
58.00,144.00,70.44
58.00,146.00,70.33
58.00,148.00,70.22
58.00,150.00,70.10
58.00,152.00,69.99
58.00,154.00,69.88
58.00,156.00,69.77
58.00,158.00,69.66
58.00,160.00,69.54
58.00,162.00,69.41
58.00,164.00,69.32
58.00,166.00,69.25
58.00,168.00,69.20
58.00,178.00,69.10
58.00,180.00,69.02
58.00,182.00,68.96
58.00,184.00,68.98
58.00,186.00,69.00
58.00,188.00,69.02
58.00,190.00,69.07
58.00,192.00,69.12
58.00,196.00,69.20
58.00,198.00,69.28
58.00,200.00,69.37
58.00,202.00,69.43
58.00,204.00,69.49
58.00,206.00,69.57
58.00,208.00,69.69
58.00,210.00,69.84
58.00,212.00,69.98
58.00,214.00,70.11
58.00,216.00,70.22
58.00,218.00,70.34
58.00,220.00,70.45
58.00,222.00,70.55
58.00,224.00,70.66
58.00,226.00,70.76
58.00,228.00,70.87
58.00,230.00,70.97
58.00,232.00,71.08
58.00,234.00,71.18
58.00,236.00,71.29
58.00,238.00,71.39
58.00,240.00,71.51
58.00,242.00,71.61
58.00,244.00,71.71
58.00,246.00,71.76
58.00,248.00,71.80
58.00,250.00,71.82
58.00,252.00,71.85
58.00,254.00,71.87
58.00,256.00,71.90
58.00,258.00,71.93
58.00,260.00,71.96
58.00,262.00,71.99
58.00,264.00,72.03
58.00,266.00,72.07
58.00,268.00,72.11
58.00,270.00,72.15
58.00,272.00,72.19
58.00,274.00,72.23
58.00,276.00,72.27
58.00,278.00,72.31
58.00,280.00,72.35
58.00,282.00,72.39
58.00,284.00,72.43
58.00,286.00,72.47
58.00,288.00,72.51
58.00,290.00,72.55
60.00,70.00,72.71
60.00,72.00,72.67
60.00,74.00,72.62
60.00,76.00,72.58
60.00,78.00,72.54
60.00,80.00,72.49
60.00,82.00,72.45
60.00,84.00,72.41
60.00,86.00,72.36
60.00,88.00,72.32
60.00,90.00,72.28
60.00,92.00,72.23
60.00,94.00,72.19
60.00,96.00,72.15
60.00,98.00,72.10
60.00,100.00,72.06
60.00,102.00,72.02
60.00,104.00,71.98
60.00,106.00,71.94
60.00,108.00,71.91
60.00,110.00,71.87
60.00,112.00,71.85
60.00,114.00,71.83
60.00,116.00,71.81
60.00,118.00,71.78
60.00,120.00,71.74
60.00,122.00,71.69
60.00,124.00,71.62
60.00,126.00,71.52
60.00,128.00,71.43
60.00,130.00,71.33
60.00,132.00,71.24
60.00,134.00,71.14
60.00,136.00,71.05
60.00,138.00,70.95
60.00,140.00,70.86
60.00,142.00,70.76
60.00,144.00,70.67
60.00,146.00,70.57
60.00,148.00,70.48
60.00,150.00,70.38
60.00,152.00,70.28
60.00,154.00,70.19
60.00,156.00,70.08
60.00,158.00,69.96
60.00,160.00,69.84
60.00,162.00,69.76
60.00,164.00,69.70
60.00,166.00,69.66
60.00,168.00,69.62
60.00,178.00,69.53
60.00,180.00,69.45
60.00,182.00,69.40
60.00,184.00,69.41
60.00,186.00,69.43
60.00,188.00,69.46
60.00,190.00,69.50
60.00,192.00,69.56
60.00,196.00,69.63
60.00,198.00,69.70
60.00,200.00,69.77
60.00,202.00,69.82
60.00,204.00,69.88
60.00,206.00,69.93
60.00,208.00,70.01
60.00,210.00,70.12
60.00,212.00,70.22
60.00,214.00,70.34
60.00,216.00,70.44
60.00,218.00,70.56
60.00,220.00,70.65
60.00,222.00,70.74
60.00,224.00,70.83
60.00,226.00,70.92
60.00,228.00,71.01
60.00,230.00,71.09
60.00,232.00,71.18
60.00,234.00,71.27
60.00,236.00,71.36
60.00,238.00,71.45
60.00,240.00,71.53
60.00,242.00,71.62
60.00,244.00,71.71
60.00,246.00,71.77
60.00,248.00,71.83
60.00,250.00,71.86
60.00,252.00,71.89
60.00,254.00,71.91
60.00,256.00,71.93
60.00,258.00,71.96
60.00,260.00,71.98
60.00,262.00,72.01
60.00,264.00,72.04
60.00,266.00,72.07
60.00,268.00,72.10
60.00,270.00,72.13
60.00,272.00,72.16
60.00,274.00,72.19
60.00,276.00,72.22
60.00,278.00,72.25
60.00,280.00,72.28
60.00,282.00,72.31
60.00,284.00,72.34
60.00,286.00,72.37
60.00,288.00,72.40
60.00,290.00,72.43
62.00,70.00,72.55
62.00,72.00,72.51
62.00,74.00,72.48
62.00,76.00,72.45
62.00,78.00,72.42
62.00,80.00,72.38
62.00,82.00,72.35
62.00,84.00,72.32
62.00,86.00,72.29
62.00,88.00,72.25
62.00,90.00,72.22
62.00,92.00,72.19
62.00,94.00,72.16
62.00,96.00,72.12
62.00,98.00,72.09
62.00,100.00,72.06
62.00,102.00,72.03
62.00,104.00,71.99
62.00,106.00,71.96
62.00,108.00,71.94
62.00,110.00,71.92
62.00,112.00,71.90
62.00,114.00,71.88
62.00,116.00,71.85
62.00,118.00,71.82
62.00,120.00,71.77
62.00,122.00,71.71
62.00,124.00,71.64
62.00,126.00,71.56
62.00,128.00,71.48
62.00,130.00,71.40
62.00,132.00,71.33
62.00,134.00,71.25
62.00,136.00,71.17
62.00,138.00,71.09
62.00,140.00,71.02
62.00,142.00,70.94
62.00,144.00,70.86
62.00,146.00,70.79
62.00,148.00,70.71
62.00,150.00,70.63
62.00,152.00,70.54
62.00,154.00,70.44
62.00,156.00,70.33
62.00,158.00,70.23
62.00,160.00,70.14
62.00,162.00,70.08
62.00,164.00,70.04
62.00,166.00,70.01
62.00,168.00,69.97
62.00,178.00,69.89
62.00,180.00,69.80
62.00,182.00,69.77
62.00,184.00,69.79
62.00,186.00,69.83
62.00,188.00,69.85
62.00,190.00,69.88
62.00,192.00,69.93
62.00,196.00,69.99
62.00,198.00,70.06
62.00,200.00,70.12
62.00,202.00,70.17
62.00,204.00,70.21
62.00,206.00,70.26
62.00,208.00,70.31
62.00,210.00,70.39
62.00,212.00,70.47
62.00,214.00,70.57
62.00,216.00,70.66
62.00,218.00,70.77
62.00,220.00,70.87
62.00,222.00,70.95
62.00,224.00,71.02
62.00,226.00,71.08
62.00,228.00,71.15
62.00,230.00,71.22
62.00,232.00,71.29
62.00,234.00,71.36
62.00,236.00,71.42
62.00,238.00,71.49
62.00,240.00,71.56
62.00,242.00,71.63
62.00,244.00,71.69
62.00,246.00,71.75
62.00,248.00,71.81
62.00,250.00,71.85
62.00,252.00,71.89
62.00,254.00,71.92
62.00,256.00,71.95
62.00,258.00,71.97
62.00,260.00,72.00
62.00,262.00,72.02
62.00,264.00,72.04
62.00,266.00,72.06
62.00,268.00,72.08
62.00,270.00,72.10
62.00,272.00,72.13
62.00,274.00,72.15
62.00,276.00,72.17
62.00,278.00,72.19
62.00,280.00,72.21
62.00,282.00,72.23
62.00,284.00,72.26
62.00,286.00,72.28
62.00,288.00,72.30
62.00,290.00,72.32
64.00,70.00,72.39
64.00,72.00,72.37
64.00,74.00,72.35
64.00,76.00,72.33
64.00,78.00,72.30
64.00,80.00,72.28
64.00,82.00,72.26
64.00,84.00,72.23
64.00,86.00,72.21
64.00,88.00,72.19
64.00,90.00,72.16
64.00,92.00,72.14
64.00,94.00,72.12
64.00,96.00,72.10
64.00,98.00,72.07
64.00,100.00,72.05
64.00,102.00,72.03
64.00,104.00,72.00
64.00,106.00,71.98
64.00,108.00,71.96
64.00,110.00,71.94
64.00,112.00,71.91
64.00,114.00,71.88
64.00,116.00,71.85
64.00,118.00,71.81
64.00,120.00,71.76
64.00,122.00,71.71
64.00,124.00,71.65
64.00,126.00,71.58
64.00,128.00,71.52
64.00,130.00,71.46
64.00,132.00,71.40
64.00,134.00,71.34
64.00,136.00,71.28
64.00,138.00,71.22
64.00,140.00,71.16
64.00,142.00,71.10
64.00,144.00,71.04
64.00,146.00,70.98
64.00,148.00,70.92
64.00,150.00,70.84
64.00,152.00,70.74
64.00,154.00,70.64
64.00,156.00,70.56
64.00,158.00,70.50
64.00,160.00,70.44
64.00,162.00,70.41
64.00,164.00,70.38
64.00,166.00,70.34
64.00,168.00,70.31
64.00,178.00,70.24
64.00,180.00,70.16
64.00,182.00,70.13
64.00,184.00,70.15
64.00,186.00,70.19
64.00,188.00,70.21
64.00,190.00,70.25
64.00,192.00,70.29
64.00,196.00,70.36
64.00,198.00,70.42
64.00,200.00,70.48
64.00,202.00,70.53
64.00,204.00,70.57
64.00,206.00,70.62
64.00,208.00,70.67
64.00,210.00,70.71
64.00,212.00,70.76
64.00,214.00,70.82
64.00,216.00,70.91
64.00,218.00,71.00
64.00,220.00,71.09
64.00,222.00,71.15
64.00,224.00,71.20
64.00,226.00,71.25
64.00,228.00,71.30
64.00,230.00,71.36
64.00,232.00,71.40
64.00,234.00,71.45
64.00,236.00,71.50
64.00,238.00,71.55
64.00,240.00,71.60
64.00,242.00,71.65
64.00,244.00,71.70
64.00,246.00,71.75
64.00,248.00,71.80
64.00,250.00,71.85
64.00,252.00,71.89
64.00,254.00,71.93
64.00,256.00,71.97
64.00,258.00,72.00
64.00,260.00,72.03
64.00,262.00,72.05
64.00,264.00,72.08
64.00,266.00,72.11
64.00,268.00,72.13
64.00,270.00,72.16
64.00,272.00,72.18
64.00,274.00,72.21
64.00,276.00,72.23
64.00,278.00,72.26
64.00,280.00,72.29
64.00,282.00,72.31
64.00,284.00,72.34
64.00,286.00,72.36
64.00,288.00,72.39
64.00,290.00,72.42
66.00,70.00,72.47
66.00,72.00,72.44
66.00,74.00,72.42
66.00,76.00,72.39
66.00,78.00,72.37
66.00,80.00,72.34
66.00,82.00,72.32
66.00,84.00,72.29
66.00,86.00,72.27
66.00,88.00,72.24
66.00,90.00,72.22
66.00,92.00,72.19
66.00,94.00,72.17
66.00,96.00,72.14
66.00,98.00,72.12
66.00,100.00,72.09
66.00,102.00,72.07
66.00,104.00,72.04
66.00,106.00,72.01
66.00,108.00,71.99
66.00,110.00,71.96
66.00,112.00,71.92
66.00,114.00,71.89
66.00,116.00,71.85
66.00,118.00,71.81
66.00,120.00,71.76
66.00,122.00,71.71
66.00,124.00,71.66
66.00,126.00,71.62
66.00,128.00,71.57
66.00,130.00,71.53
66.00,132.00,71.48
66.00,134.00,71.44
66.00,136.00,71.40
66.00,138.00,71.36
66.00,140.00,71.31
66.00,142.00,71.27
66.00,144.00,71.22
66.00,146.00,71.18
66.00,148.00,71.12
66.00,150.00,71.04
66.00,152.00,70.94
66.00,154.00,70.86
66.00,156.00,70.81
66.00,158.00,70.78
66.00,160.00,70.75
66.00,162.00,70.71
66.00,164.00,70.68
66.00,166.00,70.65
66.00,168.00,70.62
66.00,178.00,70.54
66.00,180.00,70.46
66.00,182.00,70.42
66.00,184.00,70.45
66.00,186.00,70.50
66.00,188.00,70.55
66.00,190.00,70.58
66.00,192.00,70.62
66.00,196.00,70.68
66.00,198.00,70.73
66.00,200.00,70.79
66.00,202.00,70.83
66.00,204.00,70.87
66.00,206.00,70.91
66.00,208.00,70.95
66.00,210.00,70.99
66.00,212.00,71.03
66.00,214.00,71.07
66.00,216.00,71.14
66.00,218.00,71.21
66.00,220.00,71.28
66.00,222.00,71.33
66.00,224.00,71.37
66.00,226.00,71.42
66.00,228.00,71.46
66.00,230.00,71.51
66.00,232.00,71.54
66.00,234.00,71.56
66.00,236.00,71.59
66.00,238.00,71.62
66.00,240.00,71.66
66.00,242.00,71.70
66.00,244.00,71.73
66.00,246.00,71.78
66.00,248.00,71.82
66.00,250.00,71.86
66.00,252.00,71.90
66.00,254.00,71.95
66.00,256.00,71.99
66.00,258.00,72.02
66.00,260.00,72.06
66.00,262.00,72.09
66.00,264.00,72.12
66.00,266.00,72.15
66.00,268.00,72.19
66.00,270.00,72.22
66.00,272.00,72.25
66.00,274.00,72.28
66.00,276.00,72.31
66.00,278.00,72.35
66.00,280.00,72.38
66.00,282.00,72.41
66.00,284.00,72.44
66.00,286.00,72.47
66.00,288.00,72.51
66.00,290.00,72.54
68.00,70.00,72.58
68.00,72.00,72.55
68.00,74.00,72.52
68.00,76.00,72.49
68.00,78.00,72.46
68.00,80.00,72.43
68.00,82.00,72.40
68.00,84.00,72.37
68.00,86.00,72.34
68.00,88.00,72.31
68.00,90.00,72.28
68.00,92.00,72.25
68.00,94.00,72.22
68.00,96.00,72.19
68.00,98.00,72.16
68.00,100.00,72.13
68.00,102.00,72.11
68.00,104.00,72.08
68.00,106.00,72.05
68.00,108.00,72.01
68.00,110.00,71.98
68.00,112.00,71.94
68.00,114.00,71.90
68.00,116.00,71.86
68.00,118.00,71.82
68.00,120.00,71.79
68.00,122.00,71.75
68.00,124.00,71.71
68.00,126.00,71.67
68.00,128.00,71.64
68.00,130.00,71.61
68.00,132.00,71.58
68.00,134.00,71.55
68.00,136.00,71.52
68.00,138.00,71.50
68.00,140.00,71.46
68.00,142.00,71.43
68.00,144.00,71.38
68.00,146.00,71.34
68.00,148.00,71.29
68.00,150.00,71.21
68.00,152.00,71.14
68.00,154.00,71.09
68.00,156.00,71.07
68.00,158.00,71.05
68.00,160.00,71.03
68.00,162.00,71.00
68.00,164.00,70.98
68.00,166.00,70.96
68.00,168.00,70.93
68.00,178.00,70.88
68.00,180.00,70.83
68.00,182.00,70.77
68.00,184.00,70.78
68.00,186.00,70.80
68.00,188.00,70.85
68.00,190.00,70.88
68.00,192.00,70.92
68.00,196.00,70.97
68.00,198.00,71.02
68.00,200.00,71.07
68.00,202.00,71.11
68.00,204.00,71.14
68.00,206.00,71.18
68.00,208.00,71.22
68.00,210.00,71.26
68.00,212.00,71.29
68.00,214.00,71.33
68.00,216.00,71.37
68.00,218.00,71.41
68.00,220.00,71.44
68.00,222.00,71.48
68.00,224.00,71.52
68.00,226.00,71.56
68.00,228.00,71.60
68.00,230.00,71.64
68.00,232.00,71.67
68.00,234.00,71.68
68.00,236.00,71.69
68.00,238.00,71.71
68.00,240.00,71.73
68.00,242.00,71.76
68.00,244.00,71.79
68.00,246.00,71.83
68.00,248.00,71.86
68.00,250.00,71.90
68.00,252.00,71.94
68.00,254.00,71.98
68.00,256.00,72.02
68.00,258.00,72.06
68.00,260.00,72.09
68.00,262.00,72.13
68.00,264.00,72.17
68.00,266.00,72.21
68.00,268.00,72.25
68.00,270.00,72.29
68.00,272.00,72.32
68.00,274.00,72.36
68.00,276.00,72.40
68.00,278.00,72.44
68.00,280.00,72.48
68.00,282.00,72.52
68.00,284.00,72.55
68.00,286.00,72.59
68.00,288.00,72.63
68.00,290.00,72.67
70.00,70.00,72.71
70.00,72.00,72.68
70.00,74.00,72.64
70.00,76.00,72.61
70.00,78.00,72.57
70.00,80.00,72.54
70.00,82.00,72.50
70.00,84.00,72.47
70.00,86.00,72.43
70.00,88.00,72.40
70.00,90.00,72.36
70.00,92.00,72.33
70.00,94.00,72.29
70.00,96.00,72.26
70.00,98.00,72.22
70.00,100.00,72.19
70.00,102.00,72.15
70.00,104.00,72.12
70.00,106.00,72.08
70.00,108.00,72.05
70.00,110.00,72.01
70.00,112.00,71.98
70.00,114.00,71.94
70.00,116.00,71.91
70.00,118.00,71.87
70.00,120.00,71.84
70.00,122.00,71.80
70.00,124.00,71.77
70.00,126.00,71.74
70.00,128.00,71.72
70.00,130.00,71.70
70.00,132.00,71.69
70.00,134.00,71.68
70.00,136.00,71.66
70.00,138.00,71.64
70.00,140.00,71.61
70.00,142.00,71.58
70.00,144.00,71.54
70.00,146.00,71.49
70.00,148.00,71.44
70.00,150.00,71.39
70.00,152.00,71.35
70.00,154.00,71.33
70.00,156.00,71.31
70.00,158.00,71.29
70.00,160.00,71.27
70.00,162.00,71.25
70.00,164.00,71.23
70.00,166.00,71.21
70.00,168.00,71.19
70.00,178.00,71.14
70.00,180.00,71.09
70.00,182.00,71.05
70.00,184.00,71.03
70.00,186.00,71.04
70.00,188.00,71.07
70.00,190.00,71.12
70.00,192.00,71.15
70.00,196.00,71.19
70.00,198.00,71.23
70.00,200.00,71.27
70.00,202.00,71.30
70.00,204.00,71.33
70.00,206.00,71.36
70.00,208.00,71.39
70.00,210.00,71.42
70.00,212.00,71.45
70.00,214.00,71.48
70.00,216.00,71.52
70.00,218.00,71.55
70.00,220.00,71.58
70.00,222.00,71.61
70.00,224.00,71.64
70.00,226.00,71.68
70.00,228.00,71.72
70.00,230.00,71.75
70.00,232.00,71.77
70.00,234.00,71.77
70.00,236.00,71.78
70.00,238.00,71.79
70.00,240.00,71.81
70.00,242.00,71.82
70.00,244.00,71.84
70.00,246.00,71.88
70.00,248.00,71.91
70.00,250.00,71.94
70.00,252.00,71.98
70.00,254.00,72.01
70.00,256.00,72.05
70.00,258.00,72.08
70.00,260.00,72.11
70.00,262.00,72.15
70.00,264.00,72.18
70.00,266.00,72.22
70.00,268.00,72.25
70.00,270.00,72.28
70.00,272.00,72.32
70.00,274.00,72.35
70.00,276.00,72.39
70.00,278.00,72.42
70.00,280.00,72.46
70.00,282.00,72.49
70.00,284.00,72.52
70.00,286.00,72.56
70.00,288.00,72.59
70.00,290.00,72.63
72.00,70.00,72.66
72.00,72.00,72.63
72.00,74.00,72.60
72.00,76.00,72.57
72.00,78.00,72.54
72.00,80.00,72.50
72.00,82.00,72.47
72.00,84.00,72.44
72.00,86.00,72.41
72.00,88.00,72.38
72.00,90.00,72.35
72.00,92.00,72.32
72.00,94.00,72.29
72.00,96.00,72.26
72.00,98.00,72.23
72.00,100.00,72.20
72.00,102.00,72.17
72.00,104.00,72.13
72.00,106.00,72.10
72.00,108.00,72.07
72.00,110.00,72.04
72.00,112.00,72.01
72.00,114.00,71.98
72.00,116.00,71.95
72.00,118.00,71.92
72.00,120.00,71.89
72.00,122.00,71.86
72.00,124.00,71.83
72.00,126.00,71.81
72.00,128.00,71.80
72.00,130.00,71.79
72.00,132.00,71.78
72.00,134.00,71.78
72.00,136.00,71.77
72.00,138.00,71.75
72.00,140.00,71.73
72.00,142.00,71.70
72.00,144.00,71.66
72.00,146.00,71.62
72.00,148.00,71.59
72.00,150.00,71.56
72.00,152.00,71.54
72.00,154.00,71.53
72.00,156.00,71.51
72.00,158.00,71.50
72.00,160.00,71.48
72.00,162.00,71.47
72.00,164.00,71.46
72.00,166.00,71.44
72.00,168.00,71.43
72.00,178.00,71.39
72.00,180.00,71.36
72.00,182.00,71.32
72.00,184.00,71.28
72.00,186.00,71.27
72.00,188.00,71.28
72.00,190.00,71.33
72.00,192.00,71.36
72.00,196.00,71.39
72.00,198.00,71.42
72.00,200.00,71.45
72.00,202.00,71.47
72.00,204.00,71.50
72.00,206.00,71.52
72.00,208.00,71.54
72.00,210.00,71.56
72.00,212.00,71.59
72.00,214.00,71.61
72.00,216.00,71.63
72.00,218.00,71.66
72.00,220.00,71.68
72.00,222.00,71.70
72.00,224.00,71.73
72.00,226.00,71.76
72.00,228.00,71.78
72.00,230.00,71.81
72.00,232.00,71.83
72.00,234.00,71.84
72.00,236.00,71.85
72.00,238.00,71.86
72.00,240.00,71.86
72.00,242.00,71.88
72.00,244.00,71.90
72.00,246.00,71.93
72.00,248.00,71.96
72.00,250.00,71.98
72.00,252.00,72.01
72.00,254.00,72.04
72.00,256.00,72.07
72.00,258.00,72.10
72.00,260.00,72.13
72.00,262.00,72.16
72.00,264.00,72.19
72.00,266.00,72.22
72.00,268.00,72.25
72.00,270.00,72.28
72.00,272.00,72.31
72.00,274.00,72.34
72.00,276.00,72.37
72.00,278.00,72.40
72.00,280.00,72.43
72.00,282.00,72.46
72.00,284.00,72.49
72.00,286.00,72.52
72.00,288.00,72.55
72.00,290.00,72.58
74.00,70.00,72.60
74.00,72.00,72.58
74.00,74.00,72.55
74.00,76.00,72.52
74.00,78.00,72.50
74.00,80.00,72.47
74.00,82.00,72.44
74.00,84.00,72.42
74.00,86.00,72.39
74.00,88.00,72.36
74.00,90.00,72.34
74.00,92.00,72.31
74.00,94.00,72.29
74.00,96.00,72.26
74.00,98.00,72.23
74.00,100.00,72.21
74.00,102.00,72.18
74.00,104.00,72.15
74.00,106.00,72.13
74.00,108.00,72.10
74.00,110.00,72.07
74.00,112.00,72.05
74.00,114.00,72.02
74.00,116.00,71.99
74.00,118.00,71.97
74.00,120.00,71.94
74.00,122.00,71.91
74.00,124.00,71.89
74.00,126.00,71.88
74.00,128.00,71.87
74.00,130.00,71.86
74.00,132.00,71.85
74.00,134.00,71.84
74.00,136.00,71.84
74.00,138.00,71.82
74.00,140.00,71.80
74.00,142.00,71.78
74.00,144.00,71.76
74.00,146.00,71.73
74.00,148.00,71.71
74.00,150.00,71.70
74.00,152.00,71.69
74.00,154.00,71.68
74.00,156.00,71.66
74.00,158.00,71.65
74.00,160.00,71.64
74.00,162.00,71.63
74.00,164.00,71.62
74.00,166.00,71.61
74.00,168.00,71.60
74.00,178.00,71.57
74.00,180.00,71.55
74.00,182.00,71.52
74.00,184.00,71.48
74.00,186.00,71.47
74.00,188.00,71.48
74.00,190.00,71.51
74.00,192.00,71.54
74.00,196.00,71.56
74.00,198.00,71.58
74.00,200.00,71.60
74.00,202.00,71.62
74.00,204.00,71.63
74.00,206.00,71.65
74.00,208.00,71.67
74.00,210.00,71.68
74.00,212.00,71.70
74.00,214.00,71.71
74.00,216.00,71.73
74.00,218.00,71.75
74.00,220.00,71.76
74.00,222.00,71.78
74.00,224.00,71.79
74.00,226.00,71.81
74.00,228.00,71.83
74.00,230.00,71.85
74.00,232.00,71.86
74.00,234.00,71.87
74.00,236.00,71.89
74.00,238.00,71.90
74.00,240.00,71.91
74.00,242.00,71.92
74.00,244.00,71.93
74.00,246.00,71.95
74.00,248.00,71.97
74.00,250.00,72.00
74.00,252.00,72.02
74.00,254.00,72.04
74.00,256.00,72.06
74.00,258.00,72.08
74.00,260.00,72.10
74.00,262.00,72.12
74.00,264.00,72.15
74.00,266.00,72.17
74.00,268.00,72.19
74.00,270.00,72.21
74.00,272.00,72.23
74.00,274.00,72.25
74.00,276.00,72.27
74.00,278.00,72.30
74.00,280.00,72.32
74.00,282.00,72.34
74.00,284.00,72.36
74.00,286.00,72.38
74.00,288.00,72.40
74.00,290.00,72.42
76.00,70.00,72.41
76.00,72.00,72.39
76.00,74.00,72.37
76.00,76.00,72.35
76.00,78.00,72.34
76.00,80.00,72.32
76.00,82.00,72.30
76.00,84.00,72.28
76.00,86.00,72.27
76.00,88.00,72.25
76.00,90.00,72.23
76.00,92.00,72.21
76.00,94.00,72.19
76.00,96.00,72.18
76.00,98.00,72.16
76.00,100.00,72.14
76.00,102.00,72.12
76.00,104.00,72.10
76.00,106.00,72.09
76.00,108.00,72.07
76.00,110.00,72.05
76.00,112.00,72.03
76.00,114.00,72.02
76.00,116.00,72.00
76.00,118.00,71.98
76.00,120.00,71.96
76.00,122.00,71.94
76.00,124.00,71.93
76.00,126.00,71.92
76.00,128.00,71.91
76.00,130.00,71.91
76.00,132.00,71.90
76.00,134.00,71.88
76.00,136.00,71.87
76.00,138.00,71.86
76.00,140.00,71.85
76.00,142.00,71.84
76.00,144.00,71.83
76.00,146.00,71.82
76.00,148.00,71.82
76.00,150.00,71.81
76.00,152.00,71.80
76.00,154.00,71.79
76.00,156.00,71.78
76.00,158.00,71.78
76.00,160.00,71.77
76.00,162.00,71.76
76.00,164.00,71.75
76.00,166.00,71.74
76.00,168.00,71.74
76.00,178.00,71.72
76.00,180.00,71.70
76.00,182.00,71.68
76.00,184.00,71.67
76.00,186.00,71.66
76.00,188.00,71.66
76.00,190.00,71.68
76.00,192.00,71.69
76.00,196.00,71.69
76.00,198.00,71.69
76.00,200.00,71.69
76.00,202.00,71.69
76.00,204.00,71.69
76.00,206.00,71.69
76.00,208.00,71.69
76.00,210.00,71.69
76.00,212.00,71.69
76.00,214.00,71.69
76.00,216.00,71.69
76.00,218.00,71.69
76.00,220.00,71.69
76.00,222.00,71.69
76.00,224.00,71.69
76.00,226.00,71.69
76.00,228.00,71.69
76.00,230.00,71.69
76.00,232.00,71.69
76.00,234.00,71.69
76.00,236.00,71.69
76.00,238.00,71.69
76.00,240.00,71.68
76.00,242.00,71.68
76.00,244.00,71.69
76.00,246.00,71.69
76.00,248.00,71.69
76.00,250.00,71.70
76.00,252.00,71.70
76.00,254.00,71.70
76.00,256.00,71.71
76.00,258.00,71.71
76.00,260.00,71.71
76.00,262.00,71.71
76.00,264.00,71.72
76.00,266.00,71.72
76.00,268.00,71.72
76.00,270.00,71.73
76.00,272.00,71.73
76.00,274.00,71.73
76.00,276.00,71.74
76.00,278.00,71.74
76.00,280.00,71.74
76.00,282.00,71.74
76.00,284.00,71.75
76.00,286.00,71.75
76.00,288.00,71.75
76.00,290.00,71.76
78.00,70.00,72.24
78.00,72.00,72.23
78.00,74.00,72.22
78.00,76.00,72.21
78.00,78.00,72.20
78.00,80.00,72.19
78.00,82.00,72.18
78.00,84.00,72.17
78.00,86.00,72.16
78.00,88.00,72.15
78.00,90.00,72.14
78.00,92.00,72.13
78.00,94.00,72.12
78.00,96.00,72.10
78.00,98.00,72.09
78.00,100.00,72.08
78.00,102.00,72.07
78.00,104.00,72.06
78.00,106.00,72.05
78.00,108.00,72.04
78.00,110.00,72.03
78.00,112.00,72.02
78.00,114.00,72.01
78.00,116.00,72.00
78.00,118.00,71.99
78.00,120.00,71.98
78.00,122.00,71.97
78.00,124.00,71.96
78.00,126.00,71.95
78.00,128.00,71.95
78.00,130.00,71.94
78.00,132.00,71.93
78.00,134.00,71.92
78.00,136.00,71.91
78.00,138.00,71.91
78.00,140.00,71.90
78.00,142.00,71.90
78.00,144.00,71.89
78.00,146.00,71.89
78.00,148.00,71.88
78.00,150.00,71.88
78.00,152.00,71.87
78.00,154.00,71.87
78.00,156.00,71.86
78.00,158.00,71.86
78.00,160.00,71.85
78.00,162.00,71.85
78.00,164.00,71.84
78.00,166.00,71.84
78.00,168.00,71.83
78.00,178.00,71.82
78.00,180.00,71.81
78.00,182.00,71.80
78.00,184.00,71.79
78.00,186.00,71.79
78.00,188.00,71.79
78.00,190.00,71.79
78.00,192.00,71.79
78.00,196.00,71.79
78.00,198.00,71.79
78.00,200.00,71.80
78.00,202.00,71.80
78.00,204.00,71.80
78.00,206.00,71.80
78.00,208.00,71.80
78.00,210.00,71.80
78.00,212.00,71.80
78.00,214.00,71.80
78.00,216.00,71.80
78.00,218.00,71.80
78.00,220.00,71.80
78.00,222.00,71.80
78.00,224.00,71.80
78.00,226.00,71.80
78.00,228.00,71.80
78.00,230.00,71.81
78.00,232.00,71.81
78.00,234.00,71.81
78.00,236.00,71.81
78.00,238.00,71.81
78.00,240.00,71.81
78.00,242.00,71.81
78.00,244.00,71.81
78.00,246.00,71.81
78.00,248.00,71.81
78.00,250.00,71.81
78.00,252.00,71.82
78.00,254.00,71.82
78.00,256.00,71.82
78.00,258.00,71.82
78.00,260.00,71.82
78.00,262.00,71.82
78.00,264.00,71.82
78.00,266.00,71.82
78.00,268.00,71.82
78.00,270.00,71.82
78.00,272.00,71.82
78.00,274.00,71.82
78.00,276.00,71.82
78.00,278.00,71.82
78.00,280.00,71.82
78.00,282.00,71.82
78.00,284.00,71.82
78.00,286.00,71.82
78.00,288.00,71.83
78.00,290.00,71.83
80.00,70.00,71.63
80.00,72.00,71.64
80.00,74.00,71.64
80.00,76.00,71.64
80.00,78.00,71.65
80.00,80.00,71.65
80.00,82.00,71.66
80.00,84.00,71.66
80.00,86.00,71.66
80.00,88.00,71.67
80.00,90.00,71.67
80.00,92.00,71.68
80.00,94.00,71.68
80.00,96.00,71.69
80.00,98.00,71.69
80.00,100.00,71.69
80.00,102.00,71.70
80.00,104.00,71.70
80.00,106.00,71.71
80.00,108.00,71.71
80.00,110.00,71.71
80.00,112.00,71.72
80.00,114.00,71.72
80.00,116.00,71.73
80.00,118.00,71.73
80.00,120.00,71.73
80.00,122.00,71.74
80.00,124.00,71.74
80.00,126.00,71.75
80.00,128.00,71.75
80.00,130.00,71.75
80.00,132.00,71.76
80.00,134.00,71.76
80.00,136.00,71.76
80.00,138.00,71.77
80.00,140.00,71.77
80.00,142.00,71.78
80.00,144.00,71.78
80.00,146.00,71.79
80.00,148.00,71.79
80.00,150.00,71.79
80.00,152.00,71.80
80.00,154.00,71.80
80.00,156.00,71.81
80.00,158.00,71.81
80.00,160.00,71.82
80.00,162.00,71.82
80.00,164.00,71.82
80.00,166.00,71.83
80.00,168.00,71.83
80.00,178.00,71.84
80.00,180.00,71.85
80.00,182.00,71.86
80.00,184.00,71.87
80.00,186.00,71.87
80.00,188.00,71.87
80.00,190.00,71.86
80.00,192.00,71.86
80.00,196.00,71.85
80.00,198.00,71.83
80.00,200.00,71.82
80.00,202.00,71.81
80.00,204.00,71.80
80.00,206.00,71.78
80.00,208.00,71.77
80.00,210.00,71.76
80.00,212.00,71.75
80.00,214.00,71.74
80.00,216.00,71.73
80.00,218.00,71.72
80.00,220.00,71.71
80.00,222.00,71.69
80.00,224.00,71.68
80.00,226.00,71.67
80.00,228.00,71.66
80.00,230.00,71.65
80.00,232.00,71.64
80.00,234.00,71.63
80.00,236.00,71.62
80.00,238.00,71.60
80.00,240.00,71.59
80.00,242.00,71.58
80.00,244.00,71.57
80.00,246.00,71.56
80.00,248.00,71.55
80.00,250.00,71.54
80.00,252.00,71.53
80.00,254.00,71.51
80.00,256.00,71.50
80.00,258.00,71.49
80.00,260.00,71.48
80.00,262.00,71.47
80.00,264.00,71.46
80.00,266.00,71.45
80.00,268.00,71.44
80.00,270.00,71.42
80.00,272.00,71.41
80.00,274.00,71.40
80.00,276.00,71.39
80.00,278.00,71.38
80.00,280.00,71.37
80.00,282.00,71.36
80.00,284.00,71.35
80.00,286.00,71.33
80.00,288.00,71.32
80.00,290.00,71.31
82.00,70.00,71.55
82.00,72.00,71.55
82.00,74.00,71.56
82.00,76.00,71.57
82.00,78.00,71.57
82.00,80.00,71.58
82.00,82.00,71.59
82.00,84.00,71.59
82.00,86.00,71.60
82.00,88.00,71.60
82.00,90.00,71.61
82.00,92.00,71.62
82.00,94.00,71.62
82.00,96.00,71.63
82.00,98.00,71.64
82.00,100.00,71.64
82.00,102.00,71.65
82.00,104.00,71.65
82.00,106.00,71.66
82.00,108.00,71.67
82.00,110.00,71.67
82.00,112.00,71.68
82.00,114.00,71.68
82.00,116.00,71.69
82.00,118.00,71.70
82.00,120.00,71.70
82.00,122.00,71.71
82.00,124.00,71.72
82.00,126.00,71.72
82.00,128.00,71.73
82.00,130.00,71.73
82.00,132.00,71.74
82.00,134.00,71.75
82.00,136.00,71.75
82.00,138.00,71.76
82.00,140.00,71.77
82.00,142.00,71.77
82.00,144.00,71.78
82.00,146.00,71.78
82.00,148.00,71.79
82.00,150.00,71.80
82.00,152.00,71.80
82.00,154.00,71.81
82.00,156.00,71.81
82.00,158.00,71.82
82.00,160.00,71.83
82.00,162.00,71.83
82.00,164.00,71.84
82.00,166.00,71.85
82.00,168.00,71.85
82.00,178.00,71.87
82.00,180.00,71.88
82.00,182.00,71.90
82.00,184.00,71.90
82.00,186.00,71.90
82.00,188.00,71.90
82.00,190.00,71.90
82.00,192.00,71.90
82.00,196.00,71.89
82.00,198.00,71.88
82.00,200.00,71.88
82.00,202.00,71.87
82.00,204.00,71.87
82.00,206.00,71.86
82.00,208.00,71.86
82.00,210.00,71.86
82.00,212.00,71.85
82.00,214.00,71.85
82.00,216.00,71.84
82.00,218.00,71.84
82.00,220.00,71.83
82.00,222.00,71.83
82.00,224.00,71.82
82.00,226.00,71.82
82.00,228.00,71.82
82.00,230.00,71.81
82.00,232.00,71.81
82.00,234.00,71.80
82.00,236.00,71.80
82.00,238.00,71.79
82.00,240.00,71.79
82.00,242.00,71.78
82.00,244.00,71.78
82.00,246.00,71.77
82.00,248.00,71.77
82.00,250.00,71.77
82.00,252.00,71.76
82.00,254.00,71.76
82.00,256.00,71.75
82.00,258.00,71.75
82.00,260.00,71.74
82.00,262.00,71.74
82.00,264.00,71.73
82.00,266.00,71.73
82.00,268.00,71.72
82.00,270.00,71.72
82.00,272.00,71.72
82.00,274.00,71.71
82.00,276.00,71.71
82.00,278.00,71.70
82.00,280.00,71.70
82.00,282.00,71.69
82.00,284.00,71.69
82.00,286.00,71.68
82.00,288.00,71.68
82.00,290.00,71.67
